from,to,amount,timestamp,token,txid
TB73gtW1hsTxxA9XUYKLSJKTSHw6Jk53eH,TAQYuDzSZsqgEffHdD1mP17Gf74vdng2fr,200.0,2025-08-11 04:10:06,USDT,2287538ce65124b5eb50bc6854a6f581c7d55b3d0cab2cf2a6dd88e4b3035055
TB73gtW1hsTxxA9XUYKLSJKTSHw6Jk53eH,TAQYuDzSZsqgEffHdD1mP17Gf74vdng2fr,51.42,2025-08-11 00:42:00,USDT,cee94eb078d58059928590c155d3536eb540701da261f3f4dc69625b4e61308d
TAQYuDzSZsqgEffHdD1mP17Gf74vdng2fr,TDqSquXBgUCLYvYC4XZgrprLK589dkhSCf,912.31,2025-08-08 21:32:51,USDT,0d116bd28975f3514c7ae3bdc3029374388057863e10b7d9ab17878a0cf5bedc
TB73gtW1hsTxxA9XUYKLSJKTSHw6Jk53eH,TAQYuDzSZsqgEffHdD1mP17Gf74vdng2fr,412.31,2025-08-08 21:23:18,USDT,458c839b9377984e2e258671538a5dc7f77ad9e97f02a4fb5aeb075637585b94
TUpHuDkiCCmwaTZBHZvQdwWzGNm5t8J2b9,TAQYuDzSZsqgEffHdD1mP17Gf74vdng2fr,500.0,2025-08-08 19:37:30,USDT,48685e3d943d0f393b9960dfca5ca3cac03f682e5c18cde1497c10bb0781357f
TB73gtW1hsTxxA9XUYKLSJKTSHw6Jk53eH,TAgbm6imqdWzNUxVU1vmyEXFwe3Yniytjd,400.0,2025-08-11 03:53:42,USDT,2c0e2372624361363f13d8e5d30bdf17ec14cb7adfb32f4ef08a370ab3484c7b
TB73gtW1hsTxxA9XUYKLSJKTSHw6Jk53eH,TAr6VCNCme2ckTkLBmPYah8EHxt5LoKDUR,311.8,2025-08-08 16:21:42,USDT,12409c58cc057c8b136ef6b54d968e38f67e8490957ee3ec35dece675c222911
TAsox9CfjUMuetndMcFjMzuJFtpQJKzSzY,TDqSquXBgUCLYvYC4XZgrprLK589dkhSCf,1572.689859,2025-08-10 18:22:57,USDT,0e49abb643cd3056bb4bbf8e25b9c06aed22eced454b55db841e35e1de66d133
TB73gtW1hsTxxA9XUYKLSJKTSHw6Jk53eH,TAsox9CfjUMuetndMcFjMzuJFtpQJKzSzY,1000.0,2025-08-10 18:18:54,USDT,9c68ef395fe2685731f444f852136fb839bfa02758db185fe55436edad423b45
TB73gtW1hsTxxA9XUYKLSJKTSHw6Jk53eH,TAsox9CfjUMuetndMcFjMzuJFtpQJKzSzY,60.0,2025-08-10 14:54:15,USDT,5a94410d75310545829407a7ca10217bfb63e0487a3ff09d7ba25f3d9f7c2491
TAyJAU15m9csLu8R7tTuM5fT24ArzxvDT6,TDqSquXBgUCLYvYC4XZgrprLK589dkhSCf,703.1,2025-08-11 07:56:09,USDT,931cc2da7ab9324a9736762bc1403eeb90c390f1a66e8ed6dfbef936e74b5c79
TB73gtW1hsTxxA9XUYKLSJKTSHw6Jk53eH,TAyJAU15m9csLu8R7tTuM5fT24ArzxvDT6,654.0,2025-08-11 07:54:06,USDT,706cb0bec5b4831c7633ff08b001eb31158c0048d70f59652e27d0da21c32b71
TB73gtW1hsTxxA9XUYKLSJKTSHw6Jk53eH,TAyJAU15m9csLu8R7tTuM5fT24ArzxvDT6,49.1,2025-08-11 07:40:36,USDT,5763eacf1779e4c9caeea02790c3099f878a8854a953eb94b466047faecfb2c0
TAyJAU15m9csLu8R7tTuM5fT24ArzxvDT6,TDqSquXBgUCLYvYC4XZgrprLK589dkhSCf,4985.25,2025-08-11 06:46:03,USDT,3b8b672a249c0041a22a045d6d6340ed485736e592f535ccab8dc7e66dc0bc6b
TB73gtW1hsTxxA9XUYKLSJKTSHw6Jk53eH,TAyJAU15m9csLu8R7tTuM5fT24ArzxvDT6,4926.25,2025-08-11 06:40:24,USDT,1ec5235d6b0824db587fb36e5eca5adb5002ebad6da4d956bcbb1232f1812fa9
TB73gtW1hsTxxA9XUYKLSJKTSHw6Jk53eH,TAyJAU15m9csLu8R7tTuM5fT24ArzxvDT6,59.0,2025-08-11 01:14:18,USDT,d13758edfa60646c574cdea068bc9614cf64559b23dd9a1b2ab826e2dfee54f8
TAyJAU15m9csLu8R7tTuM5fT24ArzxvDT6,TDqSquXBgUCLYvYC4XZgrprLK589dkhSCf,2799.23,2025-08-11 00:16:03,USDT,e01fa830f8dfdb82013fc357bc444d06077b1cd4182d876f9ab53f1fb8636e6e
TB73gtW1hsTxxA9XUYKLSJKTSHw6Jk53eH,TAyJAU15m9csLu8R7tTuM5fT24ArzxvDT6,2328.75,2025-08-11 00:15:48,USDT,0580aafddee7d84cb29c4d2e2d3381618c1355e5000f6db3495bbd052cbf6cef
TB73gtW1hsTxxA9XUYKLSJKTSHw6Jk53eH,TAyJAU15m9csLu8R7tTuM5fT24ArzxvDT6,15.58,2025-08-08 18:26:45,USDT,9f26a7464c4e66f0c4fef9365bc207362bd156bbecde64634bba87e12bfd6bd9
TB73gtW1hsTxxA9XUYKLSJKTSHw6Jk53eH,TAyJAU15m9csLu8R7tTuM5fT24ArzxvDT6,395.9,2025-08-08 18:25:18,USDT,e025381b0645d029826c6e69e025d40f8e5eb85ee72594f8539e0dff3ff3f957
TB73gtW1hsTxxA9XUYKLSJKTSHw6Jk53eH,TAyJAU15m9csLu8R7tTuM5fT24ArzxvDT6,59.0,2025-08-08 18:19:21,USDT,e092a194889f96529684985cc632819fefe4e2a988030c4b993e9d319e030bf6
TAyJAU15m9csLu8R7tTuM5fT24ArzxvDT6,TDqSquXBgUCLYvYC4XZgrprLK589dkhSCf,4299.19,2025-08-08 17:46:03,USDT,53ae67bde97d7eedd8d04fcfb5ccdbabd3080230ae7ade7b4296317a08a52882
TB73gtW1hsTxxA9XUYKLSJKTSHw6Jk53eH,TAyJAU15m9csLu8R7tTuM5fT24ArzxvDT6,3941.0,2025-08-08 17:45:15,USDT,1b0714eaf0194bf40505958f5bb0ce5a2e829138f6565918f271bd763dfa813c
TB73gtW1hsTxxA9XUYKLSJKTSHw6Jk53eH,TB59LS2EvFYLSViYCsyg38ubijcAJs6ryB,552.17,2025-08-10 16:13:45,USDT,0099ca280e0925a31c416cfe1f41bb1bc3bc3b688f7f4dca7d96b63d26c9475e
TB73gtW1hsTxxA9XUYKLSJKTSHw6Jk53eH,TB8Au5gSADfL6i6GHruSrZiNt1JFDS4Tak,51.0,2025-08-11 04:31:45,USDT,97af9bbc351069ead523afed60fb60d5a4543277079152933bca0ac7bad697c8
TBA9jv9tiF82dzhgWbCwZZie2TSL7xNPCW,TDqSquXBgUCLYvYC4XZgrprLK589dkhSCf,1903.0,2025-08-09 00:22:54,USDT,bff0cab73f09d09f1c774a46e23623c402380ecf25f0d6b5efc6ad887d958128
TB73gtW1hsTxxA9XUYKLSJKTSHw6Jk53eH,TBA9jv9tiF82dzhgWbCwZZie2TSL7xNPCW,827.0,2025-08-09 00:18:48,USDT,fe8eb89865f661d0727a93e17e0a37fa5f203d1624f9cbd14507af8deb0e780c
TB73gtW1hsTxxA9XUYKLSJKTSHw6Jk53eH,TBA9jv9tiF82dzhgWbCwZZie2TSL7xNPCW,526.0,2025-08-09 00:17:03,USDT,b48e84291464ad5dbd8183d00b8b60edfe43557bf30069d9703961b82b32ef23
TB73gtW1hsTxxA9XUYKLSJKTSHw6Jk53eH,TBA9jv9tiF82dzhgWbCwZZie2TSL7xNPCW,550.0,2025-08-08 16:43:00,USDT,4927c5ebce79b9738cf1b35aa0383ddf2be41d691d0a191f3b583f068432eb8b
