from,to,amount,timestamp
TB73gtW1hsTxxA9XUYKLSJKTSHw6Jk53eH,TAQYuDzSZsqgEffHdD1mP17Gf74vdng2fr,200000000,1754885406000
TB73gtW1hsTxxA9XUYKLSJKTSHw6Jk53eH,TAQYuDzSZsqgEffHdD1mP17Gf74vdng2fr,51420000,1754872920000
TAQYuDzSZsqgEffHdD1mP17Gf74vdng2fr,TDqSquXBgUCLYvYC4XZgrprLK589dkhSCf,912310000,1754688771000
TB73gtW1hsTxxA9XUYKLSJKTSHw6Jk53eH,TAQYuDzSZsqgEffHdD1mP17Gf74vdng2fr,412310000,1754688198000
TUpHuDkiCCmwaTZBHZvQdwWzGNm5t8J2b9,TAQYuDzSZsqgEffHdD1mP17Gf74vdng2fr,500000000,1754681850000
TB73gtW1hsTxxA9XUYKLSJKTSHw6Jk53eH,TAgbm6imqdWzNUxVU1vmyEXFwe3Yniytjd,400000000,1754884422000
TB73gtW1hsTxxA9XUYKLSJKTSHw6Jk53eH,TAr6VCNCme2ckTkLBmPYah8EHxt5LoKDUR,311800000,1754670102000
TAsox9CfjUMuetndMcFjMzuJFtpQJKzSzY,TDqSquXBgUCLYvYC4XZgrprLK589dkhSCf,1572689859,1754850177000
TB73gtW1hsTxxA9XUYKLSJKTSHw6Jk53eH,TAsox9CfjUMuetndMcFjMzuJFtpQJKzSzY,1000000000,1754849934000
TB73gtW1hsTxxA9XUYKLSJKTSHw6Jk53eH,TAsox9CfjUMuetndMcFjMzuJFtpQJKzSzY,60000000,1754837655000
TAyJAU15m9csLu8R7tTuM5fT24ArzxvDT6,TDqSquXBgUCLYvYC4XZgrprLK589dkhSCf,703100000,1754898969000
TB73gtW1hsTxxA9XUYKLSJKTSHw6Jk53eH,TAyJAU15m9csLu8R7tTuM5fT24ArzxvDT6,654000000,1754898846000
TB73gtW1hsTxxA9XUYKLSJKTSHw6Jk53eH,TAyJAU15m9csLu8R7tTuM5fT24ArzxvDT6,49100000,1754898036000
TAyJAU15m9csLu8R7tTuM5fT24ArzxvDT6,TDqSquXBgUCLYvYC4XZgrprLK589dkhSCf,4985250000,1754894763000
TB73gtW1hsTxxA9XUYKLSJKTSHw6Jk53eH,TAyJAU15m9csLu8R7tTuM5fT24ArzxvDT6,4926250000,1754894424000
TB73gtW1hsTxxA9XUYKLSJKTSHw6Jk53eH,TAyJAU15m9csLu8R7tTuM5fT24ArzxvDT6,59000000,1754874858000
TAyJAU15m9csLu8R7tTuM5fT24ArzxvDT6,TDqSquXBgUCLYvYC4XZgrprLK589dkhSCf,2799230000,1754871363000
TB73gtW1hsTxxA9XUYKLSJKTSHw6Jk53eH,TAyJAU15m9csLu8R7tTuM5fT24ArzxvDT6,2328750000,1754871348000
TB73gtW1hsTxxA9XUYKLSJKTSHw6Jk53eH,TAyJAU15m9csLu8R7tTuM5fT24ArzxvDT6,15580000,1754677605000
TB73gtW1hsTxxA9XUYKLSJKTSHw6Jk53eH,TAyJAU15m9csLu8R7tTuM5fT24ArzxvDT6,395900000,1754677518000
TB73gtW1hsTxxA9XUYKLSJKTSHw6Jk53eH,TAyJAU15m9csLu8R7tTuM5fT24ArzxvDT6,59000000,1754677161000
TAyJAU15m9csLu8R7tTuM5fT24ArzxvDT6,TDqSquXBgUCLYvYC4XZgrprLK589dkhSCf,4299190000,1754675163000
TB73gtW1hsTxxA9XUYKLSJKTSHw6Jk53eH,TAyJAU15m9csLu8R7tTuM5fT24ArzxvDT6,3941000000,1754675115000
TB73gtW1hsTxxA9XUYKLSJKTSHw6Jk53eH,TB59LS2EvFYLSViYCsyg38ubijcAJs6ryB,552170000,1754842425000
TB73gtW1hsTxxA9XUYKLSJKTSHw6Jk53eH,TB8Au5gSADfL6i6GHruSrZiNt1JFDS4Tak,51000000,1754886705000
TBA9jv9tiF82dzhgWbCwZZie2TSL7xNPCW,TDqSquXBgUCLYvYC4XZgrprLK589dkhSCf,1903000000,1754698974000
TB73gtW1hsTxxA9XUYKLSJKTSHw6Jk53eH,TBA9jv9tiF82dzhgWbCwZZie2TSL7xNPCW,827000000,1754698728000
TB73gtW1hsTxxA9XUYKLSJKTSHw6Jk53eH,TBA9jv9tiF82dzhgWbCwZZie2TSL7xNPCW,526000000,1754698623000
TB73gtW1hsTxxA9XUYKLSJKTSHw6Jk53eH,TBA9jv9tiF82dzhgWbCwZZie2TSL7xNPCW,550000000,1754671380000
TB73gtW1hsTxxA9XUYKLSJKTSHw6Jk53eH,TBRQAfcisUnAjLJftXUXbDqCZ2cp16V37r,137540000,1754876982000
TB73gtW1hsTxxA9XUYKLSJKTSHw6Jk53eH,TBRQAfcisUnAjLJftXUXbDqCZ2cp16V37r,94360000,1754876100000
TB73gtW1hsTxxA9XUYKLSJKTSHw6Jk53eH,TBRQAfcisUnAjLJftXUXbDqCZ2cp16V37r,110620000,1754875632000
TB73gtW1hsTxxA9XUYKLSJKTSHw6Jk53eH,TBRQAfcisUnAjLJftXUXbDqCZ2cp16V37r,137140000,1754875590000
TBRQAfcisUnAjLJftXUXbDqCZ2cp16V37r,TDqSquXBgUCLYvYC4XZgrprLK589dkhSCf,797390000,1754874963000
TB73gtW1hsTxxA9XUYKLSJKTSHw6Jk53eH,TBRQAfcisUnAjLJftXUXbDqCZ2cp16V37r,142480000,1754874831000
TB73gtW1hsTxxA9XUYKLSJKTSHw6Jk53eH,TBRQAfcisUnAjLJftXUXbDqCZ2cp16V37r,144060000,1754874573000
TB73gtW1hsTxxA9XUYKLSJKTSHw6Jk53eH,TBRQAfcisUnAjLJftXUXbDqCZ2cp16V37r,110860000,1754874246000
TB73gtW1hsTxxA9XUYKLSJKTSHw6Jk53eH,TBRQAfcisUnAjLJftXUXbDqCZ2cp16V37r,70520000,1754688828000
TBS42YK9nfiDBShnL68GuVu6LjJBsQYqCz,TDqSquXBgUCLYvYC4XZgrprLK589dkhSCf,698520000,1754907372000
TB73gtW1hsTxxA9XUYKLSJKTSHw6Jk53eH,TBS42YK9nfiDBShnL68GuVu6LjJBsQYqCz,698520000,1754907252000
TBTZFQ55vyim6GcZoKnDJ6kyEsjJ76sXLB,TDqSquXBgUCLYvYC4XZgrprLK589dkhSCf,955000000,1754865363000
TB73gtW1hsTxxA9XUYKLSJKTSHw6Jk53eH,TBTZFQ55vyim6GcZoKnDJ6kyEsjJ76sXLB,955000000,1754865264000
TBW9yrp27qXcuppszNE21PQgCyhAMHtwqG,TCtgXiBdHCCxX8o6QgnPJRWf3o2MAFeTPQ,29577360000,1754900223000
TB73gtW1hsTxxA9XUYKLSJKTSHw6Jk53eH,TBW9yrp27qXcuppszNE21PQgCyhAMHtwqG,11131630000,1754899917000
TB73gtW1hsTxxA9XUYKLSJKTSHw6Jk53eH,TBW9yrp27qXcuppszNE21PQgCyhAMHtwqG,16595230000,1754896977000
TB73gtW1hsTxxA9XUYKLSJKTSHw6Jk53eH,TBhcwBkj6HRXsLQbtHtamKcSJYUm5CmPqc,96800000,1754713248000
TB73gtW1hsTxxA9XUYKLSJKTSHw6Jk53eH,TBhcwBkj6HRXsLQbtHtamKcSJYUm5CmPqc,102500000,1754712612000
TB73gtW1hsTxxA9XUYKLSJKTSHw6Jk53eH,TBhcwBkj6HRXsLQbtHtamKcSJYUm5CmPqc,79730000,1754712339000
TBhcwBkj6HRXsLQbtHtamKcSJYUm5CmPqc,TDqSquXBgUCLYvYC4XZgrprLK589dkhSCf,708060000,1754712168000
TB73gtW1hsTxxA9XUYKLSJKTSHw6Jk53eH,TBhcwBkj6HRXsLQbtHtamKcSJYUm5CmPqc,97040000,1754711496000
TB73gtW1hsTxxA9XUYKLSJKTSHw6Jk53eH,TBhcwBkj6HRXsLQbtHtamKcSJYUm5CmPqc,97010000,1754710821000
TB73gtW1hsTxxA9XUYKLSJKTSHw6Jk53eH,TBhcwBkj6HRXsLQbtHtamKcSJYUm5CmPqc,96830000,1754710515000
TB73gtW1hsTxxA9XUYKLSJKTSHw6Jk53eH,TBhcwBkj6HRXsLQbtHtamKcSJYUm5CmPqc,96990000,1754710239000
TB73gtW1hsTxxA9XUYKLSJKTSHw6Jk53eH,TCJPr7rAu7Sm22umVha8rSSxqP5tJVNa93,31240000,1754866266000
TB73gtW1hsTxxA9XUYKLSJKTSHw6Jk53eH,TCJPr7rAu7Sm22umVha8rSSxqP5tJVNa93,49000000,1754693874000
TUpHuDkiCCmwaTZBHZvQdwWzGNm5t8J2b9,TCRvDSugUFaCFKU8ZF54CcfTLBvpVaa4td,129380000,1754699649000
TB73gtW1hsTxxA9XUYKLSJKTSHw6Jk53eH,TCRvDSugUFaCFKU8ZF54CcfTLBvpVaa4td,122980000,1754698626000
TB73gtW1hsTxxA9XUYKLSJKTSHw6Jk53eH,TCS5wR9LbJfXCzGX6rmKWauxLbEHWaDLmp,97000000,1754804160000
TCS5wR9LbJfXCzGX6rmKWauxLbEHWaDLmp,TDqSquXBgUCLYvYC4XZgrprLK589dkhSCf,679230000,1754705766000
TB73gtW1hsTxxA9XUYKLSJKTSHw6Jk53eH,TCS5wR9LbJfXCzGX6rmKWauxLbEHWaDLmp,97030000,1754705472000
TB73gtW1hsTxxA9XUYKLSJKTSHw6Jk53eH,TCS5wR9LbJfXCzGX6rmKWauxLbEHWaDLmp,97070000,1754705067000
TB73gtW1hsTxxA9XUYKLSJKTSHw6Jk53eH,TCS5wR9LbJfXCzGX6rmKWauxLbEHWaDLmp,96980000,1754704728000
TB73gtW1hsTxxA9XUYKLSJKTSHw6Jk53eH,TCS5wR9LbJfXCzGX6rmKWauxLbEHWaDLmp,97120000,1754704515000
TB73gtW1hsTxxA9XUYKLSJKTSHw6Jk53eH,TCS5wR9LbJfXCzGX6rmKWauxLbEHWaDLmp,97040000,1754704287000
TB73gtW1hsTxxA9XUYKLSJKTSHw6Jk53eH,TCS5wR9LbJfXCzGX6rmKWauxLbEHWaDLmp,97010000,1754704071000
TB73gtW1hsTxxA9XUYKLSJKTSHw6Jk53eH,TCS5wR9LbJfXCzGX6rmKWauxLbEHWaDLmp,96980000,1754703582000
TCS5wR9LbJfXCzGX6rmKWauxLbEHWaDLmp,TDqSquXBgUCLYvYC4XZgrprLK589dkhSCf,812440000,1754703363000
TB73gtW1hsTxxA9XUYKLSJKTSHw6Jk53eH,TCS5wR9LbJfXCzGX6rmKWauxLbEHWaDLmp,97020000,1754703180000
TB73gtW1hsTxxA9XUYKLSJKTSHw6Jk53eH,TCS5wR9LbJfXCzGX6rmKWauxLbEHWaDLmp,96960000,1754702835000
TB73gtW1hsTxxA9XUYKLSJKTSHw6Jk53eH,TCS5wR9LbJfXCzGX6rmKWauxLbEHWaDLmp,97190000,1754702391000
TB73gtW1hsTxxA9XUYKLSJKTSHw6Jk53eH,TCS5wR9LbJfXCzGX6rmKWauxLbEHWaDLmp,97000000,1754702013000
TB73gtW1hsTxxA9XUYKLSJKTSHw6Jk53eH,TCS5wR9LbJfXCzGX6rmKWauxLbEHWaDLmp,97040000,1754701464000
TCT9MS4NPbCZZCqiq6ranAZ9sZEs9neZVR,TDqSquXBgUCLYvYC4XZgrprLK589dkhSCf,600000000,1754902611000
TB73gtW1hsTxxA9XUYKLSJKTSHw6Jk53eH,TCmvCUouTAGaivGSXo3hLAS5M91tWg1nJv,2340000,1754758233000
TB73gtW1hsTxxA9XUYKLSJKTSHw6Jk53eH,TCp2H7rSTSHTZFdjL5gPoDKoR9KZpPqotE,80340000,1754711655000
TAFRaY4u9rqSZEppQA6kQhPJrmcashFTkv,TD1DNvTcGRwswBqCExt4fq83H1jUiG3ifH,39000000,1754717952000
TAFRaY4u9rqSZEppQA6kQhPJrmcashFTkv,TD8eQDhG7jcoWt4r7BQe2mTRgz5b7Hwsnv,160000000,1754890182000
TB73gtW1hsTxxA9XUYKLSJKTSHw6Jk53eH,TD8jq1EnNTPQkvLdF8JqLweZQvt7sBVdvK,131060000,1754867568000
TB73gtW1hsTxxA9XUYKLSJKTSHw6Jk53eH,TD8jq1EnNTPQkvLdF8JqLweZQvt7sBVdvK,101080000,1754830215000
TD8jq1EnNTPQkvLdF8JqLweZQvt7sBVdvK,TDqSquXBgUCLYvYC4XZgrprLK589dkhSCf,626770000,1754792166000
TB73gtW1hsTxxA9XUYKLSJKTSHw6Jk53eH,TD8jq1EnNTPQkvLdF8JqLweZQvt7sBVdvK,138600000,1754790867000
TB73gtW1hsTxxA9XUYKLSJKTSHw6Jk53eH,TD8jq1EnNTPQkvLdF8JqLweZQvt7sBVdvK,125080000,1754788890000
TB73gtW1hsTxxA9XUYKLSJKTSHw6Jk53eH,TD8jq1EnNTPQkvLdF8JqLweZQvt7sBVdvK,109100000,1754745834000
TB73gtW1hsTxxA9XUYKLSJKTSHw6Jk53eH,TD8jq1EnNTPQkvLdF8JqLweZQvt7sBVdvK,135870000,1754745699000
TB73gtW1hsTxxA9XUYKLSJKTSHw6Jk53eH,TD8jq1EnNTPQkvLdF8JqLweZQvt7sBVdvK,118120000,1754704998000
TKfz7Pu3jtxWrfHzVeozQjXsb3RfuUHGE2,TDQWB93k5yNxWcppktdqidtivWXTHtL1D3,80000000,1754903004000
TJ7hhYhVhaxNx6BPyq7yFpqZrQULL3JSdb,TDQWB93k5yNxWcppktdqidtivWXTHtL1D3,58500000,1754898672000
TB73gtW1hsTxxA9XUYKLSJKTSHw6Jk53eH,TDQWB93k5yNxWcppktdqidtivWXTHtL1D3,73480000,1754869671000
TTRMwhxtUdgykYPoeq6eEUKLmj26Y4KtcG,TDQWB93k5yNxWcppktdqidtivWXTHtL1D3,100000000,1754858202000
TU4vEruvZwLLkSfV9bNw12EJTPvNr7Pvaa,TDQWB93k5yNxWcppktdqidtivWXTHtL1D3,80000000,1754846346000
TEPSrSYPDSQ7yXpMFPq91Fb1QEWpMkRGfn,TDQWB93k5yNxWcppktdqidtivWXTHtL1D3,100000000,1754844789000
TS98H6jSx6uv1gG1vx6CJZMeYGkMZXgQ7K,TDQWB93k5yNxWcppktdqidtivWXTHtL1D3,80000000,1754835726000
TDjAG1ppQbxz8k4q5k5NmT923qVER8Wnvv,TDqSquXBgUCLYvYC4XZgrprLK589dkhSCf,1258020000,1754721777000
TB73gtW1hsTxxA9XUYKLSJKTSHw6Jk53eH,TDjAG1ppQbxz8k4q5k5NmT923qVER8Wnvv,108450000,1754721690000
TU4vEruvZwLLkSfV9bNw12EJTPvNr7Pvaa,TDjAG1ppQbxz8k4q5k5NmT923qVER8Wnvv,813270000,1754721459000
TDuJqhuwPN7oMgwXDxHadLyJswqNdWKtfF,TDqSquXBgUCLYvYC4XZgrprLK589dkhSCf,826000000,1754920971000
TB73gtW1hsTxxA9XUYKLSJKTSHw6Jk53eH,TDuJqhuwPN7oMgwXDxHadLyJswqNdWKtfF,826000000,1754920272000
TDuJqhuwPN7oMgwXDxHadLyJswqNdWKtfF,TDqSquXBgUCLYvYC4XZgrprLK589dkhSCf,5331000000,1754917563000
TB73gtW1hsTxxA9XUYKLSJKTSHw6Jk53eH,TDuJqhuwPN7oMgwXDxHadLyJswqNdWKtfF,5234000000,1754917344000
TB73gtW1hsTxxA9XUYKLSJKTSHw6Jk53eH,TDuJqhuwPN7oMgwXDxHadLyJswqNdWKtfF,97000000,1754731083000
TDv9vZgNXjMhuLJZTjDnBr7Cy9uF44hkAU,TFTWNgDBkQ5wQoP8RXpRznnHvAVV8x5jLu,2213990000,1754901006000
TB73gtW1hsTxxA9XUYKLSJKTSHw6Jk53eH,TDv9vZgNXjMhuLJZTjDnBr7Cy9uF44hkAU,2000000000,1754900697000
TB73gtW1hsTxxA9XUYKLSJKTSHw6Jk53eH,TDv9vZgNXjMhuLJZTjDnBr7Cy9uF44hkAU,213990000,1754865645000
TDv9vZgNXjMhuLJZTjDnBr7Cy9uF44hkAU,TFTWNgDBkQ5wQoP8RXpRznnHvAVV8x5jLu,400800000,1754776947000
TB73gtW1hsTxxA9XUYKLSJKTSHw6Jk53eH,TDv9vZgNXjMhuLJZTjDnBr7Cy9uF44hkAU,200800000,1754776767000
TB73gtW1hsTxxA9XUYKLSJKTSHw6Jk53eH,TDv9vZgNXjMhuLJZTjDnBr7Cy9uF44hkAU,200000000,1754699322000
TDv9vZgNXjMhuLJZTjDnBr7Cy9uF44hkAU,TFTWNgDBkQ5wQoP8RXpRznnHvAVV8x5jLu,438980000,1754699127000
TB73gtW1hsTxxA9XUYKLSJKTSHw6Jk53eH,TDv9vZgNXjMhuLJZTjDnBr7Cy9uF44hkAU,438980000,1754698923000
TDzhTTvTbRSgZhgyyRfsvTaFqCXQgqyasH,TUpHuDkiCCmwaTZBHZvQdwWzGNm5t8J2b9,130880000,1754717937000
TB73gtW1hsTxxA9XUYKLSJKTSHw6Jk53eH,TDzhTTvTbRSgZhgyyRfsvTaFqCXQgqyasH,130880000,1754698305000
TU4vEruvZwLLkSfV9bNw12EJTPvNr7Pvaa,TE41fKudranEx33muqAq3sS7JeYtEwrqia,83009600,1754924247000
TB73gtW1hsTxxA9XUYKLSJKTSHw6Jk53eH,TE41fKudranEx33muqAq3sS7JeYtEwrqia,57000000,1754922150000
TB73gtW1hsTxxA9XUYKLSJKTSHw6Jk53eH,TE41fKudranEx33muqAq3sS7JeYtEwrqia,78000000,1754920038000
TVwb1sZ3cqRQU6aiVoy3x2RCesMt5TLbDc,TE41fKudranEx33muqAq3sS7JeYtEwrqia,45000000,1754918280000
TLaGjwhvA8XQYSxFAcAXy7Dvuue9eGYitv,TE41fKudranEx33muqAq3sS7JeYtEwrqia,39240000,1754915079000
TLaGjwhvA8XQYSxFAcAXy7Dvuue9eGYitv,TE41fKudranEx33muqAq3sS7JeYtEwrqia,60700000,1754910318000
TB1XRK8gQJPA8vDRG6Fzhry6T9xAFsKVPC,TE41fKudranEx33muqAq3sS7JeYtEwrqia,33760000,1754908695000
TB73gtW1hsTxxA9XUYKLSJKTSHw6Jk53eH,TE41fKudranEx33muqAq3sS7JeYtEwrqia,40000000,1754908275000
TB73gtW1hsTxxA9XUYKLSJKTSHw6Jk53eH,TE41fKudranEx33muqAq3sS7JeYtEwrqia,63000000,1754903847000
TQrY8tryqsYVCYS3MFbtffiPp2ccyn4STm,TE41fKudranEx33muqAq3sS7JeYtEwrqia,50000000,1754898882000
TU4vEruvZwLLkSfV9bNw12EJTPvNr7Pvaa,TE41fKudranEx33muqAq3sS7JeYtEwrqia,21000000,1754895810000
TAzsQ9Gx8eqFNFSKbeXrbi45CuVPHzA8wr,TE41fKudranEx33muqAq3sS7JeYtEwrqia,80010000,1754883993000
TU4vEruvZwLLkSfV9bNw12EJTPvNr7Pvaa,TE41fKudranEx33muqAq3sS7JeYtEwrqia,40000000,1754877633000
TDxdZZgcZHoWy8YbNX23B2cBGNZgtxwiot,TE41fKudranEx33muqAq3sS7JeYtEwrqia,116000000,1754823951000
TE41fKudranEx33muqAq3sS7JeYtEwrqia,TQdAYTgwKVuFX4ryBSjpcUygLXYnMhcRCD,3736660000,1754764428000
TDxdZZgcZHoWy8YbNX23B2cBGNZgtxwiot,TE41fKudranEx33muqAq3sS7JeYtEwrqia,101000000,1754746296000
TAX6sFS7k7Cpj6iM2wtJefd1TdyuMsgN5k,TE41fKudranEx33muqAq3sS7JeYtEwrqia,311230000,1754714742000
TAf3YrLbqtB6Av2zb9vYHSHy6VrHRL5T1U,TE41fKudranEx33muqAq3sS7JeYtEwrqia,86450000,1754714397000
TU4vEruvZwLLkSfV9bNw12EJTPvNr7Pvaa,TE41fKudranEx33muqAq3sS7JeYtEwrqia,8300000,1754708364000
TU4vEruvZwLLkSfV9bNw12EJTPvNr7Pvaa,TE41fKudranEx33muqAq3sS7JeYtEwrqia,28000000,1754678883000
TU4vEruvZwLLkSfV9bNw12EJTPvNr7Pvaa,TE41fKudranEx33muqAq3sS7JeYtEwrqia,28000000,1754670033000
TB73gtW1hsTxxA9XUYKLSJKTSHw6Jk53eH,TEANnWH134MhKPebLV9oYbQvWYPW1Kd4YD,9800000,1754726316000
TERp7r7THUUBiDvVwirnjfEpGYsxPYA5Zh,TJ7hhYhVhaxNx6BPyq7yFpqZrQULL3JSdb,255000000,1754890476000
TAFRaY4u9rqSZEppQA6kQhPJrmcashFTkv,TERp7r7THUUBiDvVwirnjfEpGYsxPYA5Zh,90000000,1754890233000
TAFRaY4u9rqSZEppQA6kQhPJrmcashFTkv,TERp7r7THUUBiDvVwirnjfEpGYsxPYA5Zh,65000000,1754890212000
TB73gtW1hsTxxA9XUYKLSJKTSHw6Jk53eH,TEbzRpnQXbv2izKDatHLQ299v1JdZcCnvX,60000000,1754670966000
TC4eeddhsBiSMDadztqAM9JrdUvyCTVHe3,TEkTYw5ewetpNc65SmfpSZ8ENUzXjPwmkF,85450000,1754893035000
TB73gtW1hsTxxA9XUYKLSJKTSHw6Jk53eH,TEkTYw5ewetpNc65SmfpSZ8ENUzXjPwmkF,250000000,1754779002000
TB73gtW1hsTxxA9XUYKLSJKTSHw6Jk53eH,TEkTYw5ewetpNc65SmfpSZ8ENUzXjPwmkF,50000000,1754715303000
TEkTYw5ewetpNc65SmfpSZ8ENUzXjPwmkF,TDqSquXBgUCLYvYC4XZgrprLK589dkhSCf,642130000,1754712168000
TB73gtW1hsTxxA9XUYKLSJKTSHw6Jk53eH,TEkTYw5ewetpNc65SmfpSZ8ENUzXjPwmkF,43760000,1754711499000
TC4eeddhsBiSMDadztqAM9JrdUvyCTVHe3,TEkTYw5ewetpNc65SmfpSZ8ENUzXjPwmkF,20210000,1754684007000
TC4eeddhsBiSMDadztqAM9JrdUvyCTVHe3,TEkTYw5ewetpNc65SmfpSZ8ENUzXjPwmkF,78450000,1754673429000
TEpJzPDzLzmq2phstmmvw6Wc4Vy2SghzdD,TDqSquXBgUCLYvYC4XZgrprLK589dkhSCf,6260160000,1754836563000
TAGkJ6mH692rqUDqg4wifPzmnSWCtNAfyb,TEpJzPDzLzmq2phstmmvw6Wc4Vy2SghzdD,5760160000,1754836074000
TB73gtW1hsTxxA9XUYKLSJKTSHw6Jk53eH,TF6f69Qi9gsRuKwneNnZPCUcsWNqHudGjL,39050000,1754677875000
TB73gtW1hsTxxA9XUYKLSJKTSHw6Jk53eH,TF9LUNy9uXs2zHhHzRLpNxrjx9JsRp2SgV,23080000,1754681790000
TGkHfYXkgUgHjAKcYf3gob2rLd1N7BqRQs,TFLFqbRKQvuL4qN8neg1jeY8rpPN1LCxqU,50000000,1754838738000
TJ5usJLLwjwn7Pw3TPbdzreG7dvgKzfQ5y,TFYYamMADWTVJdabdq8adu3d45EEgRJaJi,50000000,1754834712000
TFrXFY9yGZKLwXWJcB6PV1fLuXQMSVBvJQ,TDqSquXBgUCLYvYC4XZgrprLK589dkhSCf,608450000,1754884008000
TFtFPX4bBA7SSc5cHY4HtzgBXcX5v6ksrK,TDqSquXBgUCLYvYC4XZgrprLK589dkhSCf,1110000000,1754695563000
TB73gtW1hsTxxA9XUYKLSJKTSHw6Jk53eH,TFtFPX4bBA7SSc5cHY4HtzgBXcX5v6ksrK,636000000,1754694825000
TB73gtW1hsTxxA9XUYKLSJKTSHw6Jk53eH,TG5jyaUaw7u2HbXEMopdG1s1DmWgGs84aB,42950000,1754901531000
TB73gtW1hsTxxA9XUYKLSJKTSHw6Jk53eH,TG5jyaUaw7u2HbXEMopdG1s1DmWgGs84aB,29460000,1754839329000
TG5jyaUaw7u2HbXEMopdG1s1DmWgGs84aB,TUjAd4xeRgSUmaGMvRnruEU6S3puA7tk8c,450260000,1754701806000
TB73gtW1hsTxxA9XUYKLSJKTSHw6Jk53eH,TG5jyaUaw7u2HbXEMopdG1s1DmWgGs84aB,80450000,1754693661000
TGHYbaACK3fcuhmrz6EqsEAxh1NNra7LFs,TDqSquXBgUCLYvYC4XZgrprLK589dkhSCf,773760000,1754910372000
TB73gtW1hsTxxA9XUYKLSJKTSHw6Jk53eH,TGHYbaACK3fcuhmrz6EqsEAxh1NNra7LFs,350760000,1754910192000
TB73gtW1hsTxxA9XUYKLSJKTSHw6Jk53eH,TGHYbaACK3fcuhmrz6EqsEAxh1NNra7LFs,100000000,1754765325000
TB73gtW1hsTxxA9XUYKLSJKTSHw6Jk53eH,TGHYbaACK3fcuhmrz6EqsEAxh1NNra7LFs,100000000,1754742750000
TB73gtW1hsTxxA9XUYKLSJKTSHw6Jk53eH,TGHYbaACK3fcuhmrz6EqsEAxh1NNra7LFs,100000000,1754683752000
TB73gtW1hsTxxA9XUYKLSJKTSHw6Jk53eH,TGHm9AoDCtsbon7XNR4XVF6KTa8FZKW833,6460000,1754913720000
TB73gtW1hsTxxA9XUYKLSJKTSHw6Jk53eH,TGHm9AoDCtsbon7XNR4XVF6KTa8FZKW833,50000000,1754910360000
TGHm9AoDCtsbon7XNR4XVF6KTa8FZKW833,TSAvg79MmExMFiwV5pkaXhKWvEuFdxZ1C6,105520000,1754876025000
TB73gtW1hsTxxA9XUYKLSJKTSHw6Jk53eH,TGHm9AoDCtsbon7XNR4XVF6KTa8FZKW833,51100000,1754875416000
TB73gtW1hsTxxA9XUYKLSJKTSHw6Jk53eH,TGHm9AoDCtsbon7XNR4XVF6KTa8FZKW833,49640000,1754873595000
TB73gtW1hsTxxA9XUYKLSJKTSHw6Jk53eH,TGHm9AoDCtsbon7XNR4XVF6KTa8FZKW833,4780000,1754872020000
TB73gtW1hsTxxA9XUYKLSJKTSHw6Jk53eH,TGXoDGgJgcgi5Mbjj6YrNZpJtoQejraZrk,79410000,1754701743000
TNXEcNrUXXXi6522BVEXWuAHPtrEqrZB4Y,TGgJu78QWwaxMzdGoNWiBQzU9WtytZv9GR,99886980,1754843349000
TJtEySoVuAkk3xwXghLgrUFVKSMq9JkE18,TGgJu78QWwaxMzdGoNWiBQzU9WtytZv9GR,15000000,1754725908000
TGmQDpQiLeXoRRuWCti8G552cbciUgJnPR,TU4vEruvZwLLkSfV9bNw12EJTPvNr7Pvaa,110500000,1754697456000
TJDENsfBJs4RFETt1X1W8wMDc8M5XnJhCe,TGmQDpQiLeXoRRuWCti8G552cbciUgJnPR,55000000,1754677248000
TYASr5UV6HEcXatwdFQfmLVUqQQQMUxHLS,TGmQDpQiLeXoRRuWCti8G552cbciUgJnPR,55500000,1754675448000
TGvjvpFU8msw4FrZU4czzndr6KdYURcCZA,TFTWNgDBkQ5wQoP8RXpRznnHvAVV8x5jLu,558111622,1754900820000
TGvjvpFU8msw4FrZU4czzndr6KdYURcCZA,TFTWNgDBkQ5wQoP8RXpRznnHvAVV8x5jLu,553110622,1754900415000
TAJuSUoDqyJYn13zMfFAodx88E1v68Mben,TGvjvpFU8msw4FrZU4czzndr6KdYURcCZA,558111622,1754900388000
TAJuSUoDqyJYn13zMfFAodx88E1v68Mben,TGvjvpFU8msw4FrZU4czzndr6KdYURcCZA,553110622,1754900151000
TGvjvpFU8msw4FrZU4czzndr6KdYURcCZA,TFTWNgDBkQ5wQoP8RXpRznnHvAVV8x5jLu,572068648,1754894022000
TAJuSUoDqyJYn13zMfFAodx88E1v68Mben,TGvjvpFU8msw4FrZU4czzndr6KdYURcCZA,572068648,1754893806000
TGvjvpFU8msw4FrZU4czzndr6KdYURcCZA,TFTWNgDBkQ5wQoP8RXpRznnHvAVV8x5jLu,658943005,1754879289000
TAJuSUoDqyJYn13zMfFAodx88E1v68Mben,TGvjvpFU8msw4FrZU4czzndr6KdYURcCZA,569943005,1754879073000
TAJuSUoDqyJYn13zMfFAodx88E1v68Mben,TGvjvpFU8msw4FrZU4czzndr6KdYURcCZA,89000000,1754878173000
TGvjvpFU8msw4FrZU4czzndr6KdYURcCZA,TFTWNgDBkQ5wQoP8RXpRznnHvAVV8x5jLu,559955203,1754878032000
TAJuSUoDqyJYn13zMfFAodx88E1v68Mben,TGvjvpFU8msw4FrZU4czzndr6KdYURcCZA,559955203,1754877810000
TGvjvpFU8msw4FrZU4czzndr6KdYURcCZA,TFTWNgDBkQ5wQoP8RXpRznnHvAVV8x5jLu,557921890,1754877705000
TAJuSUoDqyJYn13zMfFAodx88E1v68Mben,TGvjvpFU8msw4FrZU4czzndr6KdYURcCZA,557921890,1754877441000
TGvjvpFU8msw4FrZU4czzndr6KdYURcCZA,TFTWNgDBkQ5wQoP8RXpRznnHvAVV8x5jLu,566926299,1754877423000
TAJuSUoDqyJYn13zMfFAodx88E1v68Mben,TGvjvpFU8msw4FrZU4czzndr6KdYURcCZA,566926299,1754877246000
TGvjvpFU8msw4FrZU4czzndr6KdYURcCZA,TFTWNgDBkQ5wQoP8RXpRznnHvAVV8x5jLu,575925129,1754680461000
TAJuSUoDqyJYn13zMfFAodx88E1v68Mben,TGvjvpFU8msw4FrZU4czzndr6KdYURcCZA,575925129,1754680290000
THnMRhyYGSu9YVnJaAFShGcBuAzkNfk4Yw,TDqSquXBgUCLYvYC4XZgrprLK589dkhSCf,607940000,1754885778000
TU4vEruvZwLLkSfV9bNw12EJTPvNr7Pvaa,TJ1p3ijxsxFEDYEp8fZeN6EY9Gmgd2LBp3,100000000,1754853120000
TBrL659fw2N6VFi18paPu6YyU6Hmto4XSC,TJ1p3ijxsxFEDYEp8fZeN6EY9Gmgd2LBp3,50866650,1754845707000
TU4vEruvZwLLkSfV9bNw12EJTPvNr7Pvaa,TJ1p3ijxsxFEDYEp8fZeN6EY9Gmgd2LBp3,99005200,1754834931000
TJ1p3ijxsxFEDYEp8fZeN6EY9Gmgd2LBp3,TDqSquXBgUCLYvYC4XZgrprLK589dkhSCf,659420000,1754821374000
TB73gtW1hsTxxA9XUYKLSJKTSHw6Jk53eH,TJ1p3ijxsxFEDYEp8fZeN6EY9Gmgd2LBp3,400000000,1754820924000
TB73gtW1hsTxxA9XUYKLSJKTSHw6Jk53eH,TJ1p3ijxsxFEDYEp8fZeN6EY9Gmgd2LBp3,159420000,1754820678000
TU4vEruvZwLLkSfV9bNw12EJTPvNr7Pvaa,TJ26FobLLtAadu3zCTjjyQkgA79K9ntine,35000000,1754909871000
TJ26FobLLtAadu3zCTjjyQkgA79K9ntine,TDqSquXBgUCLYvYC4XZgrprLK589dkhSCf,597890000,1754902647000
TB73gtW1hsTxxA9XUYKLSJKTSHw6Jk53eH,TJ26FobLLtAadu3zCTjjyQkgA79K9ntine,597890000,1754706135000
TJ67WVhCNE98v2UvLgbVe6M8eyPeRwE6FW,TDqSquXBgUCLYvYC4XZgrprLK589dkhSCf,598270000,1754914626000
TB73gtW1hsTxxA9XUYKLSJKTSHw6Jk53eH,TJG1pDtRsd61rjF2afAQzeTose1198gZLf,137520000,1754695542000
TB73gtW1hsTxxA9XUYKLSJKTSHw6Jk53eH,TJG1pDtRsd61rjF2afAQzeTose1198gZLf,38040000,1754691741000
TB73gtW1hsTxxA9XUYKLSJKTSHw6Jk53eH,TJKYMYAs5i4CJmK2Bt3FfT9dPkjDVCgDpS,230000000,1754811093000
TB73gtW1hsTxxA9XUYKLSJKTSHw6Jk53eH,TJKYMYAs5i4CJmK2Bt3FfT9dPkjDVCgDpS,200000000,1754744871000
TSCqBoqk4QYjzswtAin7mAd2LsZpM8QGNU,TJLF5zKpn4XKStEAm95n8ko522vr891f7r,200750000,1754676909000
TJQiNZz77cBv99BDDdzDjHf6TVhMGS1Gzk,TDqSquXBgUCLYvYC4XZgrprLK589dkhSCf,2000000000,1754898171000
TB73gtW1hsTxxA9XUYKLSJKTSHw6Jk53eH,TJQiNZz77cBv99BDDdzDjHf6TVhMGS1Gzk,2000000000,1754897589000
TJQiNZz77cBv99BDDdzDjHf6TVhMGS1Gzk,TDqSquXBgUCLYvYC4XZgrprLK589dkhSCf,6849600000,1754894763000
TMekrM6iCUoLKz9RH4yURwKDLymP8eeDra,TJQiNZz77cBv99BDDdzDjHf6TVhMGS1Gzk,6849600000,1754894460000
TJQiNZz77cBv99BDDdzDjHf6TVhMGS1Gzk,TDqSquXBgUCLYvYC4XZgrprLK589dkhSCf,6849500000,1754894163000
TMekrM6iCUoLKz9RH4yURwKDLymP8eeDra,TJQiNZz77cBv99BDDdzDjHf6TVhMGS1Gzk,6849500000,1754894013000
TB73gtW1hsTxxA9XUYKLSJKTSHw6Jk53eH,TJbekqBTcSUjLdbMDQbCgsxCbgreYWgLte,813120000,1754921349000
TJeZuQHyaA8B94XFsBMGuEx76LahE9rn2P,TUpHuDkiCCmwaTZBHZvQdwWzGNm5t8J2b9,3538000000,1754892237000
TB73gtW1hsTxxA9XUYKLSJKTSHw6Jk53eH,TJeZuQHyaA8B94XFsBMGuEx76LahE9rn2P,972000000,1754888124000
TB73gtW1hsTxxA9XUYKLSJKTSHw6Jk53eH,TJeZuQHyaA8B94XFsBMGuEx76LahE9rn2P,2266000000,1754876661000
TDqSquXBgUCLYvYC4XZgrprLK589dkhSCf,TJeZuQHyaA8B94XFsBMGuEx76LahE9rn2P,300000000,1754876343000
TJeZuQHyaA8B94XFsBMGuEx76LahE9rn2P,TUpHuDkiCCmwaTZBHZvQdwWzGNm5t8J2b9,20201000000,1754678157000
TB73gtW1hsTxxA9XUYKLSJKTSHw6Jk53eH,TJeZuQHyaA8B94XFsBMGuEx76LahE9rn2P,19326000000,1754677875000
TB73gtW1hsTxxA9XUYKLSJKTSHw6Jk53eH,TJkfvb96G2kFepW4dbCqJKCp4R2P2UZq18,97050000,1754888328000
TB73gtW1hsTxxA9XUYKLSJKTSHw6Jk53eH,TJkfvb96G2kFepW4dbCqJKCp4R2P2UZq18,96980000,1754886369000
TJkfvb96G2kFepW4dbCqJKCp4R2P2UZq18,TDqSquXBgUCLYvYC4XZgrprLK589dkhSCf,678610000,1754880366000
TB73gtW1hsTxxA9XUYKLSJKTSHw6Jk53eH,TJkfvb96G2kFepW4dbCqJKCp4R2P2UZq18,97000000,1754879949000
TB73gtW1hsTxxA9XUYKLSJKTSHw6Jk53eH,TJkfvb96G2kFepW4dbCqJKCp4R2P2UZq18,96960000,1754879799000
TB73gtW1hsTxxA9XUYKLSJKTSHw6Jk53eH,TJkfvb96G2kFepW4dbCqJKCp4R2P2UZq18,97010000,1754879496000
TB73gtW1hsTxxA9XUYKLSJKTSHw6Jk53eH,TJkfvb96G2kFepW4dbCqJKCp4R2P2UZq18,97030000,1754790963000
TB73gtW1hsTxxA9XUYKLSJKTSHw6Jk53eH,TJkfvb96G2kFepW4dbCqJKCp4R2P2UZq18,97000000,1754790399000
TB73gtW1hsTxxA9XUYKLSJKTSHw6Jk53eH,TJkfvb96G2kFepW4dbCqJKCp4R2P2UZq18,96410000,1754789787000
TB73gtW1hsTxxA9XUYKLSJKTSHw6Jk53eH,TJkfvb96G2kFepW4dbCqJKCp4R2P2UZq18,97200000,1754789298000
TJkfvb96G2kFepW4dbCqJKCp4R2P2UZq18,TDqSquXBgUCLYvYC4XZgrprLK589dkhSCf,683550000,1754787774000
TB73gtW1hsTxxA9XUYKLSJKTSHw6Jk53eH,TJkfvb96G2kFepW4dbCqJKCp4R2P2UZq18,96970000,1754787408000
TB73gtW1hsTxxA9XUYKLSJKTSHw6Jk53eH,TJkfvb96G2kFepW4dbCqJKCp4R2P2UZq18,97070000,1754781156000
TB73gtW1hsTxxA9XUYKLSJKTSHw6Jk53eH,TJkfvb96G2kFepW4dbCqJKCp4R2P2UZq18,101080000,1754770989000
TB73gtW1hsTxxA9XUYKLSJKTSHw6Jk53eH,TJkfvb96G2kFepW4dbCqJKCp4R2P2UZq18,96970000,1754769480000
TB73gtW1hsTxxA9XUYKLSJKTSHw6Jk53eH,TJkfvb96G2kFepW4dbCqJKCp4R2P2UZq18,97040000,1754769393000
TB73gtW1hsTxxA9XUYKLSJKTSHw6Jk53eH,TJkfvb96G2kFepW4dbCqJKCp4R2P2UZq18,97420000,1754768589000
TB73gtW1hsTxxA9XUYKLSJKTSHw6Jk53eH,TJkfvb96G2kFepW4dbCqJKCp4R2P2UZq18,97000000,1754767860000
TJkfvb96G2kFepW4dbCqJKCp4R2P2UZq18,TDqSquXBgUCLYvYC4XZgrprLK589dkhSCf,746700000,1754715366000
TB73gtW1hsTxxA9XUYKLSJKTSHw6Jk53eH,TJkfvb96G2kFepW4dbCqJKCp4R2P2UZq18,97160000,1754715360000
TB73gtW1hsTxxA9XUYKLSJKTSHw6Jk53eH,TJkfvb96G2kFepW4dbCqJKCp4R2P2UZq18,96640000,1754714850000
TJmbT9TPSfXDz7jtc8GWrHvTL75aCFLYGx,TDqSquXBgUCLYvYC4XZgrprLK589dkhSCf,3349520000,1754680563000
TB73gtW1hsTxxA9XUYKLSJKTSHw6Jk53eH,TJmbT9TPSfXDz7jtc8GWrHvTL75aCFLYGx,3349520000,1754680014000
TJppPxTCG4o27ZThXXDS1BoxUh3qQVj89b,TDqSquXBgUCLYvYC4XZgrprLK589dkhSCf,19000000000,1754745363000
TB73gtW1hsTxxA9XUYKLSJKTSHw6Jk53eH,TJppPxTCG4o27ZThXXDS1BoxUh3qQVj89b,19000000000,1754744934000
TJppPxTCG4o27ZThXXDS1BoxUh3qQVj89b,TDqSquXBgUCLYvYC4XZgrprLK589dkhSCf,733800000,1754744583000
TB73gtW1hsTxxA9XUYKLSJKTSHw6Jk53eH,TJppPxTCG4o27ZThXXDS1BoxUh3qQVj89b,733800000,1754744304000
TK2RGJh1uX4B4f6m99HQt2N9Vew1LmKBKJ,TJ7hhYhVhaxNx6BPyq7yFpqZrQULL3JSdb,245000000,1754867619000
TB73gtW1hsTxxA9XUYKLSJKTSHw6Jk53eH,TK2RGJh1uX4B4f6m99HQt2N9Vew1LmKBKJ,245000000,1754867289000
TK2RGJh1uX4B4f6m99HQt2N9Vew1LmKBKJ,TJ7hhYhVhaxNx6BPyq7yFpqZrQULL3JSdb,290000000,1754684016000
TB73gtW1hsTxxA9XUYKLSJKTSHw6Jk53eH,TK2RGJh1uX4B4f6m99HQt2N9Vew1LmKBKJ,290000000,1754683665000
TK2RGJh1uX4B4f6m99HQt2N9Vew1LmKBKJ,TJ7hhYhVhaxNx6BPyq7yFpqZrQULL3JSdb,725000000,1754683479000
TB73gtW1hsTxxA9XUYKLSJKTSHw6Jk53eH,TK2RGJh1uX4B4f6m99HQt2N9Vew1LmKBKJ,725000000,1754683182000
TKD7gbgxtRkdyQdyanMAnvWzC6DEJLdLaP,TDqSquXBgUCLYvYC4XZgrprLK589dkhSCf,1405600000,1754681766000
TLmmpU3gkVYaV4JzTHQFBDFn4s9oQJrc83,TKD7gbgxtRkdyQdyanMAnvWzC6DEJLdLaP,1003000000,1754681286000
TKKnaE9gWi3GwVkh9dCPBsXbshqbTdcvzT,TTd9qHyjqiUkfTxe3gotbuTMpjU8LEbpkN,2612390000,1754695248000
TB73gtW1hsTxxA9XUYKLSJKTSHw6Jk53eH,TKKnaE9gWi3GwVkh9dCPBsXbshqbTdcvzT,2612390000,1754695035000
TB73gtW1hsTxxA9XUYKLSJKTSHw6Jk53eH,TKUifmqDfwhe7UVAih2aW5fv88kukJ3V6s,97010000,1754893449000
TKUifmqDfwhe7UVAih2aW5fv88kukJ3V6s,TDqSquXBgUCLYvYC4XZgrprLK589dkhSCf,626060000,1754892366000
TB73gtW1hsTxxA9XUYKLSJKTSHw6Jk53eH,TKUifmqDfwhe7UVAih2aW5fv88kukJ3V6s,97050000,1754892165000
TB73gtW1hsTxxA9XUYKLSJKTSHw6Jk53eH,TKUifmqDfwhe7UVAih2aW5fv88kukJ3V6s,97110000,1754891568000
TB73gtW1hsTxxA9XUYKLSJKTSHw6Jk53eH,TKUifmqDfwhe7UVAih2aW5fv88kukJ3V6s,97020000,1754890545000
TB73gtW1hsTxxA9XUYKLSJKTSHw6Jk53eH,TKUifmqDfwhe7UVAih2aW5fv88kukJ3V6s,97090000,1754792382000
TB73gtW1hsTxxA9XUYKLSJKTSHw6Jk53eH,TKUifmqDfwhe7UVAih2aW5fv88kukJ3V6s,52080000,1754718072000
TB73gtW1hsTxxA9XUYKLSJKTSHw6Jk53eH,TKUifmqDfwhe7UVAih2aW5fv88kukJ3V6s,89870000,1754714013000
TB73gtW1hsTxxA9XUYKLSJKTSHw6Jk53eH,TKUifmqDfwhe7UVAih2aW5fv88kukJ3V6s,95840000,1754713746000
TKUifmqDfwhe7UVAih2aW5fv88kukJ3V6s,TDqSquXBgUCLYvYC4XZgrprLK589dkhSCf,624780000,1754712966000
TB73gtW1hsTxxA9XUYKLSJKTSHw6Jk53eH,TKUifmqDfwhe7UVAih2aW5fv88kukJ3V6s,90490000,1754712573000
TB73gtW1hsTxxA9XUYKLSJKTSHw6Jk53eH,TKUifmqDfwhe7UVAih2aW5fv88kukJ3V6s,93740000,1754712009000
TB73gtW1hsTxxA9XUYKLSJKTSHw6Jk53eH,TKUifmqDfwhe7UVAih2aW5fv88kukJ3V6s,94590000,1754711568000
TB73gtW1hsTxxA9XUYKLSJKTSHw6Jk53eH,TKUifmqDfwhe7UVAih2aW5fv88kukJ3V6s,95820000,1754710695000
TL1sdfdLcU49VZdkYXiprfauFUhgyX7YxQ,TDqSquXBgUCLYvYC4XZgrprLK589dkhSCf,10000000000,1754847174000
TMRWETSvPfG1Ym4Cicri3rmPSKRD8ZsUfn,TL1sdfdLcU49VZdkYXiprfauFUhgyX7YxQ,10000000000,1754846784000
TL7t6KMaeNjwTwrh4R8L1twxdBWd5jAyqQ,TDqSquXBgUCLYvYC4XZgrprLK589dkhSCf,829450000,1754739171000
TB73gtW1hsTxxA9XUYKLSJKTSHw6Jk53eH,TL7t6KMaeNjwTwrh4R8L1twxdBWd5jAyqQ,829450000,1754738514000
TLRWSq7cQ2bS9vNa5Jf2g3Cy7qPhjJ8CLL,TFTWNgDBkQ5wQoP8RXpRznnHvAVV8x5jLu,532240000,1754905047000
TB73gtW1hsTxxA9XUYKLSJKTSHw6Jk53eH,TLRWSq7cQ2bS9vNa5Jf2g3Cy7qPhjJ8CLL,532240000,1754904738000
TLRWSq7cQ2bS9vNa5Jf2g3Cy7qPhjJ8CLL,TFTWNgDBkQ5wQoP8RXpRznnHvAVV8x5jLu,607850000,1754738751000
TLRWSq7cQ2bS9vNa5Jf2g3Cy7qPhjJ8CLL,TFTWNgDBkQ5wQoP8RXpRznnHvAVV8x5jLu,555160000,1754738433000
TB73gtW1hsTxxA9XUYKLSJKTSHw6Jk53eH,TLRWSq7cQ2bS9vNa5Jf2g3Cy7qPhjJ8CLL,607850000,1754738358000
TB73gtW1hsTxxA9XUYKLSJKTSHw6Jk53eH,TLRWSq7cQ2bS9vNa5Jf2g3Cy7qPhjJ8CLL,505510000,1754738220000
TJQkYnJNn5fMPjQirvVzCufbepc9MadXJt,TLh8c4NiGKqUmQypyPm6xVdFNepoYo7CxU,74760000,1754908392000
TB73gtW1hsTxxA9XUYKLSJKTSHw6Jk53eH,TLry5nT1WFuZHtmsdh4eEXQpkZ998z2vXK,114830000,1754709489000
TB73gtW1hsTxxA9XUYKLSJKTSHw6Jk53eH,TLry5nT1WFuZHtmsdh4eEXQpkZ998z2vXK,22470000,1754709339000
TB73gtW1hsTxxA9XUYKLSJKTSHw6Jk53eH,TLssGcmouJh7RfCBT4izQQFVqaa8VhSEb1,97030000,1754853840000
TB73gtW1hsTxxA9XUYKLSJKTSHw6Jk53eH,TLssGcmouJh7RfCBT4izQQFVqaa8VhSEb1,96990000,1754829396000
TB73gtW1hsTxxA9XUYKLSJKTSHw6Jk53eH,TLssGcmouJh7RfCBT4izQQFVqaa8VhSEb1,97020000,1754828820000
TB73gtW1hsTxxA9XUYKLSJKTSHw6Jk53eH,TLssGcmouJh7RfCBT4izQQFVqaa8VhSEb1,97010000,1754827779000
TMBzUAr7N4Di6aKuwrEvf7WxF3ibxY3FZH,TUpHuDkiCCmwaTZBHZvQdwWzGNm5t8J2b9,1599775987,1754906217000
TMtJLkzFwcqckKtToU5fexZ3EYgoMWAZ55,TMBzUAr7N4Di6aKuwrEvf7WxF3ibxY3FZH,1599775987,1754905923000
TB73gtW1hsTxxA9XUYKLSJKTSHw6Jk53eH,TMMZtob8YiZtVoLviXCetCVoMJrFXuyFPi,50000000,1754844861000
TB73gtW1hsTxxA9XUYKLSJKTSHw6Jk53eH,TMMZtob8YiZtVoLviXCetCVoMJrFXuyFPi,277710000,1754844555000
TMTb5BzJvuWfyJ7jnPz7tKdfM2iJHR7TUv,TDqSquXBgUCLYvYC4XZgrprLK589dkhSCf,597680000,1754902647000
TAJuSUoDqyJYn13zMfFAodx88E1v68Mben,TMTb5BzJvuWfyJ7jnPz7tKdfM2iJHR7TUv,54800000,1754736495000
TB73gtW1hsTxxA9XUYKLSJKTSHw6Jk53eH,TMg655Y23A5VUkVx9QADorNLS3KTJmAUW9,96800000,1754780448000
TB73gtW1hsTxxA9XUYKLSJKTSHw6Jk53eH,TMg655Y23A5VUkVx9QADorNLS3KTJmAUW9,93880000,1754780100000
TB73gtW1hsTxxA9XUYKLSJKTSHw6Jk53eH,TMg655Y23A5VUkVx9QADorNLS3KTJmAUW9,96980000,1754779884000
TB73gtW1hsTxxA9XUYKLSJKTSHw6Jk53eH,TMg655Y23A5VUkVx9QADorNLS3KTJmAUW9,97000000,1754778840000
TMg655Y23A5VUkVx9QADorNLS3KTJmAUW9,TDqSquXBgUCLYvYC4XZgrprLK589dkhSCf,632320000,1754778774000
TB73gtW1hsTxxA9XUYKLSJKTSHw6Jk53eH,TMg655Y23A5VUkVx9QADorNLS3KTJmAUW9,96990000,1754778567000
TB73gtW1hsTxxA9XUYKLSJKTSHw6Jk53eH,TMg655Y23A5VUkVx9QADorNLS3KTJmAUW9,97010000,1754778084000
TB73gtW1hsTxxA9XUYKLSJKTSHw6Jk53eH,TMg655Y23A5VUkVx9QADorNLS3KTJmAUW9,50000000,1754777526000
TB73gtW1hsTxxA9XUYKLSJKTSHw6Jk53eH,TMg655Y23A5VUkVx9QADorNLS3KTJmAUW9,97000000,1754776191000
TB73gtW1hsTxxA9XUYKLSJKTSHw6Jk53eH,TMg655Y23A5VUkVx9QADorNLS3KTJmAUW9,97080000,1754775972000
TB73gtW1hsTxxA9XUYKLSJKTSHw6Jk53eH,TMg655Y23A5VUkVx9QADorNLS3KTJmAUW9,97020000,1754775654000
TB73gtW1hsTxxA9XUYKLSJKTSHw6Jk53eH,TMg655Y23A5VUkVx9QADorNLS3KTJmAUW9,97220000,1754775408000
TMg655Y23A5VUkVx9QADorNLS3KTJmAUW9,TDqSquXBgUCLYvYC4XZgrprLK589dkhSCf,696830000,1754775366000
TB73gtW1hsTxxA9XUYKLSJKTSHw6Jk53eH,TMg655Y23A5VUkVx9QADorNLS3KTJmAUW9,96920000,1754775216000
TB73gtW1hsTxxA9XUYKLSJKTSHw6Jk53eH,TMg655Y23A5VUkVx9QADorNLS3KTJmAUW9,97040000,1754775015000
TB73gtW1hsTxxA9XUYKLSJKTSHw6Jk53eH,TMg655Y23A5VUkVx9QADorNLS3KTJmAUW9,97020000,1754773197000
TKfz7Pu3jtxWrfHzVeozQjXsb3RfuUHGE2,TMhF4TJ7saUS79WhG7aXW7iRdjdPBAFn2q,20500000,1754703876000
TB73gtW1hsTxxA9XUYKLSJKTSHw6Jk53eH,TMhF4TJ7saUS79WhG7aXW7iRdjdPBAFn2q,41430000,1754702439000
TB73gtW1hsTxxA9XUYKLSJKTSHw6Jk53eH,TMkL5hefEMN3z8F64UDAAtGzhgx9GJXvEX,564280000,1754694036000
TMkL5hefEMN3z8F64UDAAtGzhgx9GJXvEX,TDqSquXBgUCLYvYC4XZgrprLK589dkhSCf,3895450000,1754683971000
TB73gtW1hsTxxA9XUYKLSJKTSHw6Jk53eH,TMkL5hefEMN3z8F64UDAAtGzhgx9GJXvEX,3895450000,1754683404000
TMnF68nchcKBWYSsM7SbmJB2q5Yq1ue6ED,TDqSquXBgUCLYvYC4XZgrprLK589dkhSCf,987110000,1754760366000
TEPSrSYPDSQ7yXpMFPq91Fb1QEWpMkRGfn,TMnF68nchcKBWYSsM7SbmJB2q5Yq1ue6ED,543000000,1754759946000
TB73gtW1hsTxxA9XUYKLSJKTSHw6Jk53eH,TMvQqRLQkrikMm946r6ERxfjiZuCa4YCep,97100000,1754869881000
TB73gtW1hsTxxA9XUYKLSJKTSHw6Jk53eH,TMvQqRLQkrikMm946r6ERxfjiZuCa4YCep,96930000,1754869152000
TB73gtW1hsTxxA9XUYKLSJKTSHw6Jk53eH,TMvQqRLQkrikMm946r6ERxfjiZuCa4YCep,97000000,1754746209000
TMvZP85sdKLTMNUyhJbBnJeeinJfj6mZRU,TE7RYLrzMFQ73CAmpMq5EUfqa1nj8ZxBq7,47200000,1754857965000
TB73gtW1hsTxxA9XUYKLSJKTSHw6Jk53eH,TMvZP85sdKLTMNUyhJbBnJeeinJfj6mZRU,1300000,1754791971000
TB73gtW1hsTxxA9XUYKLSJKTSHw6Jk53eH,TMvZP85sdKLTMNUyhJbBnJeeinJfj6mZRU,8870000,1754693595000
TNAyEGdCLpVBNuTJZ96fSneVFNRaHtZAAk,TDqSquXBgUCLYvYC4XZgrprLK589dkhSCf,708190000,1754711166000
TB73gtW1hsTxxA9XUYKLSJKTSHw6Jk53eH,TNAyEGdCLpVBNuTJZ96fSneVFNRaHtZAAk,100080000,1754710836000
TNJu5kRHhDrD3nVLQk97gkLMkokSbCWmJ5,TU4vEruvZwLLkSfV9bNw12EJTPvNr7Pvaa,848000000,1754695284000
TB73gtW1hsTxxA9XUYKLSJKTSHw6Jk53eH,TNJu5kRHhDrD3nVLQk97gkLMkokSbCWmJ5,848000000,1754693982000
TAzsQ9Gx8eqFNFSKbeXrbi45CuVPHzA8wr,TNPsdNhUGhFaVMPfoqGxKsyjLV1LrfmHs2,100000000,1754920725000
TK4ykR48cQQoyFcZ5N4xZCbsBaHcg6n3gJ,TNPsdNhUGhFaVMPfoqGxKsyjLV1LrfmHs2,1043000000,1754895429000
TNPsdNhUGhFaVMPfoqGxKsyjLV1LrfmHs2,TUpHuDkiCCmwaTZBHZvQdwWzGNm5t8J2b9,171000000,1754892237000
TAsoa63BdCM6C7co5Y9kUvTCBpFVNrwWZB,TNPsdNhUGhFaVMPfoqGxKsyjLV1LrfmHs2,121000000,1754859855000
TCsQu9mCJ7PZ2YuMTef3NZonS8wR7rRuKy,TNPsdNhUGhFaVMPfoqGxKsyjLV1LrfmHs2,50000000,1754831178000
TNPsdNhUGhFaVMPfoqGxKsyjLV1LrfmHs2,TUpHuDkiCCmwaTZBHZvQdwWzGNm5t8J2b9,727000000,1754719386000
TB73gtW1hsTxxA9XUYKLSJKTSHw6Jk53eH,TNPsdNhUGhFaVMPfoqGxKsyjLV1LrfmHs2,127000000,1754703516000
TNy1h1E6GCmYqHLVNr8A4yMsjEQshUioZv,TDzQg6kKJqXyzLnrEhifPNmn5wyQZjNaP6,250050000,1754923023000
TB73gtW1hsTxxA9XUYKLSJKTSHw6Jk53eH,TNy1h1E6GCmYqHLVNr8A4yMsjEQshUioZv,11800000000,1754902557000
TNy1h1E6GCmYqHLVNr8A4yMsjEQshUioZv,TYarGUw6BETJCGGD56Ud1dPqm3iznr5WFt,2501020010,1754819928000
TP9Rwq38pmYV7yAMAY2HBorNWjuxeHKSvC,TNy1h1E6GCmYqHLVNr8A4yMsjEQshUioZv,1020010,1754819853000
TNy1h1E6GCmYqHLVNr8A4yMsjEQshUioZv,TP9RbEqSNrtZhCdvz15JBXECPEHF1HKSvC,2000000000,1754819832000
TNy1h1E6GCmYqHLVNr8A4yMsjEQshUioZv,TPMYfdSwJrNotSryLZCbb52SzFFN3vWQjL,2000000000,1754741892000
TP2pG34atS6GaBmw9MaNEMsWPBsSWoWZDD,TDqSquXBgUCLYvYC4XZgrprLK589dkhSCf,909230000,1754864571000
TB73gtW1hsTxxA9XUYKLSJKTSHw6Jk53eH,TP2pG34atS6GaBmw9MaNEMsWPBsSWoWZDD,409230000,1754864163000
TAQWwktWALw3C72gv2EB6ajYxnEbJ7k31S,TP2pG34atS6GaBmw9MaNEMsWPBsSWoWZDD,200000000,1754671962000
TPKMNGdzUyrKnNBsTtRKcKGFV3Kp3Z3kcK,TDqSquXBgUCLYvYC4XZgrprLK589dkhSCf,1000000000,1754911377000
TDzHjBs7TKqYVrgH22LU868tm2Sj19Rt9t,TPKMNGdzUyrKnNBsTtRKcKGFV3Kp3Z3kcK,1000000000,1754910966000
TPKMNGdzUyrKnNBsTtRKcKGFV3Kp3Z3kcK,TDqSquXBgUCLYvYC4XZgrprLK589dkhSCf,748180000,1754703363000
TB73gtW1hsTxxA9XUYKLSJKTSHw6Jk53eH,TPKMNGdzUyrKnNBsTtRKcKGFV3Kp3Z3kcK,328840000,1754702823000
TPLvrYsFHuPiodxHedLFKLh7hwNCMRt1Z9,TBrB7UjJJwHCYCL78cXTYWsSgWtjyBkAEn,1176000000,1754906340000
TB73gtW1hsTxxA9XUYKLSJKTSHw6Jk53eH,TPLvrYsFHuPiodxHedLFKLh7hwNCMRt1Z9,1176000000,1754904867000
TB73gtW1hsTxxA9XUYKLSJKTSHw6Jk53eH,TPPdtrtb3b5xo694m6cE58w2DyBREFK56D,88100000,1754860461000
TUbGUfJHY48qSexu4CtRhR2FJAoEuwEawi,TPPdtrtb3b5xo694m6cE58w2DyBREFK56D,55978164,1754675832000
TKCemLsJsonMyQexjaupMKrDpttWqfZCUq,TPPdtrtb3b5xo694m6cE58w2DyBREFK56D,41760000,1754675421000
TPVxnzFA7JHwAa36d6sSuo7JZXs8RLUgNZ,TDqSquXBgUCLYvYC4XZgrprLK589dkhSCf,6422000000,1754897163000
TJqwA7SoZnERE4zW5uDEiPkbz4B66h9TFj,TPVxnzFA7JHwAa36d6sSuo7JZXs8RLUgNZ,6422000000,1754896734000
TPd6VmoFoXbRznvHbMM85xYRuTpuYX5PRS,TS6nU3v9GEmMF8wjaCXZC53LYGpZJK94fc,1905000000,1754821833000
TB73gtW1hsTxxA9XUYKLSJKTSHw6Jk53eH,TPjrftL93PV9jKGucejAPVJSBUKASmFhnY,200000000,1754874963000
TPx7VjVnrq7DGK7mqU2UwFJk6j37fAKvNA,TFTWNgDBkQ5wQoP8RXpRznnHvAVV8x5jLu,279540000,1754715495000
TB73gtW1hsTxxA9XUYKLSJKTSHw6Jk53eH,TPx7VjVnrq7DGK7mqU2UwFJk6j37fAKvNA,134380000,1754715285000
TQKSUnrrTUfutJUMjRwWf4saD6UH328C8c,TDqSquXBgUCLYvYC4XZgrprLK589dkhSCf,606230000,1754884056000
TB73gtW1hsTxxA9XUYKLSJKTSHw6Jk53eH,TQKSUnrrTUfutJUMjRwWf4saD6UH328C8c,45510000,1754720235000
TB73gtW1hsTxxA9XUYKLSJKTSHw6Jk53eH,TQKSUnrrTUfutJUMjRwWf4saD6UH328C8c,21150000,1754720121000
TB73gtW1hsTxxA9XUYKLSJKTSHw6Jk53eH,TQKSUnrrTUfutJUMjRwWf4saD6UH328C8c,539570000,1754720019000
TB73gtW1hsTxxA9XUYKLSJKTSHw6Jk53eH,TQKrLwkk7m6Y2Hv3VudffpyQW9DenbKP4P,107080000,1754873454000
TB73gtW1hsTxxA9XUYKLSJKTSHw6Jk53eH,TQKrLwkk7m6Y2Hv3VudffpyQW9DenbKP4P,123040000,1754871225000
TB73gtW1hsTxxA9XUYKLSJKTSHw6Jk53eH,TQKrLwkk7m6Y2Hv3VudffpyQW9DenbKP4P,141100000,1754862801000
TB73gtW1hsTxxA9XUYKLSJKTSHw6Jk53eH,TQKrLwkk7m6Y2Hv3VudffpyQW9DenbKP4P,116820000,1754850357000
TB73gtW1hsTxxA9XUYKLSJKTSHw6Jk53eH,TQPJpCyXhoFsTGiiMEG9dSnR8PYfoHJxYp,165860000,1754755848000
TAFRaY4u9rqSZEppQA6kQhPJrmcashFTkv,TQVaFBmRCmKUU7R2SChPCbCJ1dsGDG34ji,68000000,1754717985000
TB73gtW1hsTxxA9XUYKLSJKTSHw6Jk53eH,TQVaFBmRCmKUU7R2SChPCbCJ1dsGDG34ji,110000000,1754678340000
TQecmBo7SpdSz7DK1jSegvekRnPNYmbCra,TLaGjwhvA8XQYSxFAcAXy7Dvuue9eGYitv,236380000,1754870784000
TB73gtW1hsTxxA9XUYKLSJKTSHw6Jk53eH,TQecmBo7SpdSz7DK1jSegvekRnPNYmbCra,83980000,1754870334000
TB73gtW1hsTxxA9XUYKLSJKTSHw6Jk53eH,TQecmBo7SpdSz7DK1jSegvekRnPNYmbCra,56080000,1754789904000
TB73gtW1hsTxxA9XUYKLSJKTSHw6Jk53eH,TQecmBo7SpdSz7DK1jSegvekRnPNYmbCra,96320000,1754789733000
TQecmBo7SpdSz7DK1jSegvekRnPNYmbCra,TLaGjwhvA8XQYSxFAcAXy7Dvuue9eGYitv,508740000,1754753964000
TB73gtW1hsTxxA9XUYKLSJKTSHw6Jk53eH,TQecmBo7SpdSz7DK1jSegvekRnPNYmbCra,501080000,1754752680000
TB73gtW1hsTxxA9XUYKLSJKTSHw6Jk53eH,TQecmBo7SpdSz7DK1jSegvekRnPNYmbCra,3700000,1754703522000
TB73gtW1hsTxxA9XUYKLSJKTSHw6Jk53eH,TQecmBo7SpdSz7DK1jSegvekRnPNYmbCra,3960000,1754703360000
TQecmBo7SpdSz7DK1jSegvekRnPNYmbCra,TLaGjwhvA8XQYSxFAcAXy7Dvuue9eGYitv,538920000,1754703285000
TB73gtW1hsTxxA9XUYKLSJKTSHw6Jk53eH,TQecmBo7SpdSz7DK1jSegvekRnPNYmbCra,228490000,1754702865000
TB73gtW1hsTxxA9XUYKLSJKTSHw6Jk53eH,TQecmBo7SpdSz7DK1jSegvekRnPNYmbCra,7500000,1754701950000
TB73gtW1hsTxxA9XUYKLSJKTSHw6Jk53eH,TQecmBo7SpdSz7DK1jSegvekRnPNYmbCra,299930000,1754701815000
TQmeAyxgsTyjadZjL7NemisibdjLqDMGBF,TJ7hhYhVhaxNx6BPyq7yFpqZrQULL3JSdb,507980000,1754901465000
TB73gtW1hsTxxA9XUYKLSJKTSHw6Jk53eH,TQmeAyxgsTyjadZjL7NemisibdjLqDMGBF,507980000,1754901186000
TQwysBTns1DetZ3ostAqKSnda54mfsU9dA,TDqSquXBgUCLYvYC4XZgrprLK589dkhSCf,1123880000,1754925969000
TB73gtW1hsTxxA9XUYKLSJKTSHw6Jk53eH,TQwysBTns1DetZ3ostAqKSnda54mfsU9dA,600000000,1754924763000
TU4vEruvZwLLkSfV9bNw12EJTPvNr7Pvaa,TQwysBTns1DetZ3ostAqKSnda54mfsU9dA,10000000,1754731668000
TD7t4hVN2E4rSStJKUtaPQpNqxhBRipLch,TR7NHqjeKQxGTCi8q8ZY4pL8otSzgjLj6t,11560000000,1754924148000
TUtCH2JonJHbjvuv74b8YL3iaRTLsWYtyL,TR7NHqjeKQxGTCi8q8ZY4pL8otSzgjLj6t,2000000,1754922987000
TFTWNgDBkQ5wQoP8RXpRznnHvAVV8x5jLu,TR7NHqjeKQxGTCi8q8ZY4pL8otSzgjLj6t,8800000,1754922966000
TFgzZFYmTgsdddHQVKnTWZcx2pM6aEQuAe,TR7NHqjeKQxGTCi8q8ZY4pL8otSzgjLj6t,984000000,1754913657000
TVVu1jEmXbioyswqayAHVHVjXx7NnD1Zu6,TR7NHqjeKQxGTCi8q8ZY4pL8otSzgjLj6t,280000000,1754906904000
TCPjGSk6BthQVbEgDRFFPd6eT8EujzX7Zp,TR7NHqjeKQxGTCi8q8ZY4pL8otSzgjLj6t,5029668,1754906853000
TN4pFkPgRGdfPCJsMyqHmTL9q6V4aUJNkd,TR7NHqjeKQxGTCi8q8ZY4pL8otSzgjLj6t,11000000,1754904828000
TEZ2KgXVjtZQ9zK9WKZZ394nDGGjuhS8Ng,TR7NHqjeKQxGTCi8q8ZY4pL8otSzgjLj6t,9000000,1754903466000
TU4vEruvZwLLkSfV9bNw12EJTPvNr7Pvaa,TR7NHqjeKQxGTCi8q8ZY4pL8otSzgjLj6t,2000000,1754902821000
TR7NHqjeKQxGTCi8q8ZY4pL8otSzgjLj6t,TW4U4TMbke4Ad2Ffx5CGnv1TtuxxU52T9X,150000000,1754902476000
TR7NHqjeKQxGTCi8q8ZY4pL8otSzgjLj6t,TDsea5AfCdKFFSFwi9PabPmBaLqwg62hzJ,150000000,1754902476000
TR7NHqjeKQxGTCi8q8ZY4pL8otSzgjLj6t,TUZVFQ3BH9n7J2sgaFJ5woTu2iDqExom8i,150000000,1754902476000
TR7NHqjeKQxGTCi8q8ZY4pL8otSzgjLj6t,TY4xjA2Fv68DFWfSGZNbxg69ZLYNAwSYPq,150000000,1754902476000
TR7NHqjeKQxGTCi8q8ZY4pL8otSzgjLj6t,TUeR3TmzXLP6qJxYtMG7M5dfba4nZRPDbw,3000000000,1754902176000
TR7NHqjeKQxGTCi8q8ZY4pL8otSzgjLj6t,TSuZTNUWR625wb7nPAAgR8ZnAW11kurgVv,680780000,1754902176000
TR7NHqjeKQxGTCi8q8ZY4pL8otSzgjLj6t,T9yqdjzzx7Bifb5suDcoW8FLYoNBfhjana,150000000,1754902176000
TR7NHqjeKQxGTCi8q8ZY4pL8otSzgjLj6t,TFKwaxU2296Ep2h2QbfuQx6UU96iHFRjNB,1200000000,1754902176000
TR7NHqjeKQxGTCi8q8ZY4pL8otSzgjLj6t,TSuZTNUWR625wb7nPAAgR8ZnAW11kurgVv,1011960000,1754902176000
TR7NHqjeKQxGTCi8q8ZY4pL8otSzgjLj6t,TGwgwqaWyf3xZmNkPj63YnvJhz9rg2anbU,800000000,1754902176000
TR7NHqjeKQxGTCi8q8ZY4pL8otSzgjLj6t,TPYDYKKt4yFSudA2QRAZYDStLJt72qVudE,520000000,1754902176000
TR7NHqjeKQxGTCi8q8ZY4pL8otSzgjLj6t,TCrYiwAgWxC2CNHggrLFGchdEgYYRQConA,2215200000,1754902176000
TPvN1UnH9TcDXHxtTz1Gr7RD7UUsiwj4dG,TR7NHqjeKQxGTCi8q8ZY4pL8otSzgjLj6t,108110000,1754900730000
TThS3XFdr9NQBerqYWXhddNwG3DCHRNn41,TR7NHqjeKQxGTCi8q8ZY4pL8otSzgjLj6t,60000000,1754898198000
TJUQRiaDNTZuHQZGcZ18E1oS59h9RP8BvY,TR7NHqjeKQxGTCi8q8ZY4pL8otSzgjLj6t,2000000,1754896662000
TDsFxuiNsGr25morkuHtXCMF9YJgsWuEGd,TR7NHqjeKQxGTCi8q8ZY4pL8otSzgjLj6t,10000000,1754890875000
TR7NHqjeKQxGTCi8q8ZY4pL8otSzgjLj6t,TPcWEnNQcNoNX28bcoa6FY2KzzHPmpMry7,567740000,1754881182000
TR7NHqjeKQxGTCi8q8ZY4pL8otSzgjLj6t,TDQ8uoXJqPNocDjm67KcucrJTugTcjFtki,800000000,1754881182000
TR7NHqjeKQxGTCi8q8ZY4pL8otSzgjLj6t,TWyutp6e1f1CrF6XB6ypNnyRe3xhtjtgYN,450000000,1754881182000
TR7NHqjeKQxGTCi8q8ZY4pL8otSzgjLj6t,TTVzKLaqZeLkjkuUDwVBA2iQd2fLDWR5MG,800000000,1754881182000
TR7NHqjeKQxGTCi8q8ZY4pL8otSzgjLj6t,THjeJCPgmvqZhqZDW5ZFL1GoBBBRW2DJTX,900000000,1754881182000
TR7NHqjeKQxGTCi8q8ZY4pL8otSzgjLj6t,TQR8vCgzYwuXGoVYbxbdPHhm7y8JpWfxS8,650000000,1754881182000
TR7NHqjeKQxGTCi8q8ZY4pL8otSzgjLj6t,TTkW3XVnCebgfmEDbMakTkubRpzFU4Xp7d,600000000,1754881182000
TR7NHqjeKQxGTCi8q8ZY4pL8otSzgjLj6t,TU9EdPU93Wx9exb7hrcsTriEASZEe5DN42,300000000,1754881182000
TR7NHqjeKQxGTCi8q8ZY4pL8otSzgjLj6t,TTHfRrnAnCWPc9DMUHZmFtabGQAs7tS4wS,1000000000,1754881182000
TR7NHqjeKQxGTCi8q8ZY4pL8otSzgjLj6t,TJhypWcaUeG1D9woMNDiwSQjvXGPukBHqN,650000000,1754881182000
THYkBjzxce9acFjTF3aZHczt4NGUHeFtZt,TR7NHqjeKQxGTCi8q8ZY4pL8otSzgjLj6t,81371900,1754880525000
TWDAcKzgqwCctNRAML4kevicTxH6WcEZ92,TR7NHqjeKQxGTCi8q8ZY4pL8otSzgjLj6t,320000,1754880492000
TCNmEWuyndrNKNyZhMsSPPNeDqcAU7bQR5,TR7NHqjeKQxGTCi8q8ZY4pL8otSzgjLj6t,990000,1754870169000
TF2LHqbdTJ5SYrPY7iMZ9hGukMuXNvdZKf,TR7NHqjeKQxGTCi8q8ZY4pL8otSzgjLj6t,1800000,1754856762000
TU4vEruvZwLLkSfV9bNw12EJTPvNr7Pvaa,TR7NHqjeKQxGTCi8q8ZY4pL8otSzgjLj6t,10000000,1754850780000
TJqwA7SoZnERE4zW5uDEiPkbz4B66h9TFj,TR7NHqjeKQxGTCi8q8ZY4pL8otSzgjLj6t,10000000,1754841987000
TEKCN3bZatFrTGdh64MDSWSsKvQL8oG5AE,TR7NHqjeKQxGTCi8q8ZY4pL8otSzgjLj6t,677000000,1754834274000
TJ7hhYhVhaxNx6BPyq7yFpqZrQULL3JSdb,TR7NHqjeKQxGTCi8q8ZY4pL8otSzgjLj6t,86230000,1754829486000
TCKiwCgb9M2Ka1uosrowra4hvDp4kWuKic,TR7NHqjeKQxGTCi8q8ZY4pL8otSzgjLj6t,49770000,1754825325000
TW9PJeooY8KSJyi5cjszh6RRn5gcxa1jkN,TR7NHqjeKQxGTCi8q8ZY4pL8otSzgjLj6t,11000000,1754822922000
TZ57ukYuvPum2hsxEzPXRr8pBN8PpDtXdU,TR7NHqjeKQxGTCi8q8ZY4pL8otSzgjLj6t,4000000,1754816184000
TJ7hhYhVhaxNx6BPyq7yFpqZrQULL3JSdb,TR7NHqjeKQxGTCi8q8ZY4pL8otSzgjLj6t,8500000,1754811369000
TFMpi82sgUb8ViN8VVuJfAqjM7gTqwdB9E,TR7NHqjeKQxGTCi8q8ZY4pL8otSzgjLj6t,310000000,1754808744000
TU4vEruvZwLLkSfV9bNw12EJTPvNr7Pvaa,TR7NHqjeKQxGTCi8q8ZY4pL8otSzgjLj6t,225055900,1754808183000
TU4vEruvZwLLkSfV9bNw12EJTPvNr7Pvaa,TR7NHqjeKQxGTCi8q8ZY4pL8otSzgjLj6t,9000000,1754807862000
TJ69Nfnn6RLVMaxukR9WH3kTJpbVMvYuVW,TR7NHqjeKQxGTCi8q8ZY4pL8otSzgjLj6t,3000000,1754796489000
TDsFxuiNsGr25morkuHtXCMF9YJgsWuEGd,TR7NHqjeKQxGTCi8q8ZY4pL8otSzgjLj6t,43000000,1754789115000
TMKZFGsQoib9QdkrzDWkRiBn8PYMydKBSB,TR7NHqjeKQxGTCi8q8ZY4pL8otSzgjLj6t,17000000,1754779527000
TK4ykR48cQQoyFcZ5N4xZCbsBaHcg6n3gJ,TR7NHqjeKQxGTCi8q8ZY4pL8otSzgjLj6t,19000000,1754776467000
TTzXGAvPB8agCZSZSQSQBo5EyTqSgfiyxK,TR7NHqjeKQxGTCi8q8ZY4pL8otSzgjLj6t,43000000,1754765097000
TFWrtYVLi7qbt3MARUka14Chm3abp4tcvu,TR7NHqjeKQxGTCi8q8ZY4pL8otSzgjLj6t,1376000000,1754763603000
TYASr5UV6HEcXatwdFQfmLVUqQQQMUxHLS,TR7NHqjeKQxGTCi8q8ZY4pL8otSzgjLj6t,11500000,1754762733000
THfgMJmGQR1BTwWEoBKhjopLjJVfbo7S5e,TR7NHqjeKQxGTCi8q8ZY4pL8otSzgjLj6t,1000000,1754759274000
TUqMywWkcJaBiFGcZDxXv1eaxz2oL63ro1,TR7NHqjeKQxGTCi8q8ZY4pL8otSzgjLj6t,363370462,1754758374000
TU4vEruvZwLLkSfV9bNw12EJTPvNr7Pvaa,TR7NHqjeKQxGTCi8q8ZY4pL8otSzgjLj6t,3000000,1754756007000
TRbExUATk7bVrxNGzvBQ8gVJfnD4rh5avo,TR7NHqjeKQxGTCi8q8ZY4pL8otSzgjLj6t,1900000000,1754754222000
TVud6AQ4nMQsVXUm4CvPQQ8Ygj9LUyhHyV,TR7NHqjeKQxGTCi8q8ZY4pL8otSzgjLj6t,30000000,1754749512000
TDqSquXBgUCLYvYC4XZgrprLK589dkhSCf,TR7NHqjeKQxGTCi8q8ZY4pL8otSzgjLj6t,749000000,1754747865000
TJUQRiaDNTZuHQZGcZ18E1oS59h9RP8BvY,TR7NHqjeKQxGTCi8q8ZY4pL8otSzgjLj6t,2000000,1754747415000
TKaRNGyGvRbu36jzjWPT2NctsCvQ28UAwR,TR7NHqjeKQxGTCi8q8ZY4pL8otSzgjLj6t,1055422669603060000000000,1754744217000
TVud6AQ4nMQsVXUm4CvPQQ8Ygj9LUyhHyV,TR7NHqjeKQxGTCi8q8ZY4pL8otSzgjLj6t,4000000,1754738940000
TTXee5ozGmKyBQgz8KkY5f5FBbtLB6cUsc,TR7NHqjeKQxGTCi8q8ZY4pL8otSzgjLj6t,203651200,1754736375000
TZ745dETNyPdp3NG18nmhD7shHbqrWX55P,TR7NHqjeKQxGTCi8q8ZY4pL8otSzgjLj6t,20000000,1754736273000
TJUQRiaDNTZuHQZGcZ18E1oS59h9RP8BvY,TR7NHqjeKQxGTCi8q8ZY4pL8otSzgjLj6t,2000000,1754730978000
TJUQRiaDNTZuHQZGcZ18E1oS59h9RP8BvY,TR7NHqjeKQxGTCi8q8ZY4pL8otSzgjLj6t,2000000,1754730873000
TThsSTCFrE35skt7fyHCx5VwPSstNtRTmQ,TR7NHqjeKQxGTCi8q8ZY4pL8otSzgjLj6t,5350000,1754728299000
TU4vEruvZwLLkSfV9bNw12EJTPvNr7Pvaa,TR7NHqjeKQxGTCi8q8ZY4pL8otSzgjLj6t,312950000,1754726016000
TDqSquXBgUCLYvYC4XZgrprLK589dkhSCf,TR7NHqjeKQxGTCi8q8ZY4pL8otSzgjLj6t,14580000,1754723805000
TU4vEruvZwLLkSfV9bNw12EJTPvNr7Pvaa,TR7NHqjeKQxGTCi8q8ZY4pL8otSzgjLj6t,2999000000,1754719509000
TU4vEruvZwLLkSfV9bNw12EJTPvNr7Pvaa,TR7NHqjeKQxGTCi8q8ZY4pL8otSzgjLj6t,5000000,1754718243000
TU4vEruvZwLLkSfV9bNw12EJTPvNr7Pvaa,TR7NHqjeKQxGTCi8q8ZY4pL8otSzgjLj6t,8000000,1754701128000
TDqSquXBgUCLYvYC4XZgrprLK589dkhSCf,TR7NHqjeKQxGTCi8q8ZY4pL8otSzgjLj6t,2000000000,1754695683000
TZ8Ksz21Hk1tQuztCKCUJBRXStCav9uyjM,TR7NHqjeKQxGTCi8q8ZY4pL8otSzgjLj6t,350000000,1754688600000
TU4vEruvZwLLkSfV9bNw12EJTPvNr7Pvaa,TR7NHqjeKQxGTCi8q8ZY4pL8otSzgjLj6t,2500000000,1754681913000
THSskjk7sPv9aapG43xXJ9rBBA5jHzM7jk,TR7NHqjeKQxGTCi8q8ZY4pL8otSzgjLj6t,604711262,1754681172000
TEngJbHLQXK1UYXPPNtrG1DtXapYwpcoiM,TR7NHqjeKQxGTCi8q8ZY4pL8otSzgjLj6t,76753249,1754675403000
TZ4YaCQMy8n2CdWuiQoNw3ogivkY8oLgie,TR7NHqjeKQxGTCi8q8ZY4pL8otSzgjLj6t,9000000,1754672823000
TATuAPZeH5JLXKpGKyKkBvLdN7CbN1DrX5,TR7NHqjeKQxGTCi8q8ZY4pL8otSzgjLj6t,10000000,1754671329000
TNfbxxP54bEoc3aBXykaCp8bLdhc819Y3q,TR7NHqjeKQxGTCi8q8ZY4pL8otSzgjLj6t,800000,1754670405000
TRmcfgzxTnyHFARuvypH4YCRaQqaWCaVMv,TFTWNgDBkQ5wQoP8RXpRznnHvAVV8x5jLu,500000000,1754887200000
TUmuVVFHNcwngdNWmQr23NgJ4iopo6wW4x,TRmcfgzxTnyHFARuvypH4YCRaQqaWCaVMv,500000000,1754886990000
TB73gtW1hsTxxA9XUYKLSJKTSHw6Jk53eH,TRxnT7XqqTCcvaGPAanqutZAr6UVKo2wnq,113080000,1754785578000
TB73gtW1hsTxxA9XUYKLSJKTSHw6Jk53eH,TRxnT7XqqTCcvaGPAanqutZAr6UVKo2wnq,59200000,1754785122000
TB73gtW1hsTxxA9XUYKLSJKTSHw6Jk53eH,TRxnT7XqqTCcvaGPAanqutZAr6UVKo2wnq,85890000,1754785044000
TB73gtW1hsTxxA9XUYKLSJKTSHw6Jk53eH,TRxnT7XqqTCcvaGPAanqutZAr6UVKo2wnq,45650000,1754784702000
TB73gtW1hsTxxA9XUYKLSJKTSHw6Jk53eH,TRxnT7XqqTCcvaGPAanqutZAr6UVKo2wnq,41150000,1754784408000
TB73gtW1hsTxxA9XUYKLSJKTSHw6Jk53eH,TRxnT7XqqTCcvaGPAanqutZAr6UVKo2wnq,69370000,1754716974000
TRxnT7XqqTCcvaGPAanqutZAr6UVKo2wnq,TDqSquXBgUCLYvYC4XZgrprLK589dkhSCf,729650000,1754700363000
TB73gtW1hsTxxA9XUYKLSJKTSHw6Jk53eH,TRxnT7XqqTCcvaGPAanqutZAr6UVKo2wnq,120400000,1754699865000
TB73gtW1hsTxxA9XUYKLSJKTSHw6Jk53eH,TRxnT7XqqTCcvaGPAanqutZAr6UVKo2wnq,85830000,1754699379000
TB73gtW1hsTxxA9XUYKLSJKTSHw6Jk53eH,TRxnT7XqqTCcvaGPAanqutZAr6UVKo2wnq,84550000,1754699202000
TS2nb3YhxZCE9MNRdVGNFf25LAdgidWPrB,TDqSquXBgUCLYvYC4XZgrprLK589dkhSCf,10609000000,1754741577000
TMXkM8DthsJc9xVW9GPWvmJsGLkz7fnLfQ,TS2nb3YhxZCE9MNRdVGNFf25LAdgidWPrB,10609000000,1754741115000
TB73gtW1hsTxxA9XUYKLSJKTSHw6Jk53eH,TSXSQPxpY25cfkh5MFo76YAZsse7rf28Cp,2580000,1754761656000
TSiUQT5gwtMQu8WtUE9wCh2BuvvyJEV866,TEPSrSYPDSQ7yXpMFPq91Fb1QEWpMkRGfn,1616660000,1754925516000
TB73gtW1hsTxxA9XUYKLSJKTSHw6Jk53eH,TSiUQT5gwtMQu8WtUE9wCh2BuvvyJEV866,483090000,1754925408000
TB73gtW1hsTxxA9XUYKLSJKTSHw6Jk53eH,TSiUQT5gwtMQu8WtUE9wCh2BuvvyJEV866,1133570000,1754925279000
TSiUQT5gwtMQu8WtUE9wCh2BuvvyJEV866,TEPSrSYPDSQ7yXpMFPq91Fb1QEWpMkRGfn,1408830000,1754696583000
TB73gtW1hsTxxA9XUYKLSJKTSHw6Jk53eH,TSiUQT5gwtMQu8WtUE9wCh2BuvvyJEV866,1408830000,1754696328000
TB73gtW1hsTxxA9XUYKLSJKTSHw6Jk53eH,TSnRzUvMTSwU71ExhMzCiBEt6L9ap9QFVV,77980000,1754705898000
TB73gtW1hsTxxA9XUYKLSJKTSHw6Jk53eH,TSnRzUvMTSwU71ExhMzCiBEt6L9ap9QFVV,54210000,1754705826000
TLaGjwhvA8XQYSxFAcAXy7Dvuue9eGYitv,TSw1FELv1mn6erf4CXT6sUPxGRmPx9W4K4,23010000,1754727687000
TSw1FELv1mn6erf4CXT6sUPxGRmPx9W4K4,TDqSquXBgUCLYvYC4XZgrprLK589dkhSCf,3549050000,1754714574000
TB73gtW1hsTxxA9XUYKLSJKTSHw6Jk53eH,TSw1FELv1mn6erf4CXT6sUPxGRmPx9W4K4,3549050000,1754714250000
TTBJXEReqibqAWL38eU4HV8E3aqWPY3EMt,TU4vEruvZwLLkSfV9bNw12EJTPvNr7Pvaa,329310000,1754726262000
TB73gtW1hsTxxA9XUYKLSJKTSHw6Jk53eH,TTBJXEReqibqAWL38eU4HV8E3aqWPY3EMt,294390000,1754724960000
TB73gtW1hsTxxA9XUYKLSJKTSHw6Jk53eH,TTBJXEReqibqAWL38eU4HV8E3aqWPY3EMt,34920000,1754688843000
TB73gtW1hsTxxA9XUYKLSJKTSHw6Jk53eH,TTMeJEv6jCXdqjB9PeTHefaQg3Sn7u9KR2,7280000,1754674779000
TTu15R9EZzCiiwr69Uz8nEi1wTMh7o5Rbo,TDqSquXBgUCLYvYC4XZgrprLK589dkhSCf,735000000,1754814177000
TEgci3xDV5k4pg5gnzWkT8xPMCN47AohPU,TTu15R9EZzCiiwr69Uz8nEi1wTMh7o5Rbo,735000000,1754813745000
TB73gtW1hsTxxA9XUYKLSJKTSHw6Jk53eH,TU5iuX3pbwcYdBHV1fWJqTs21CcJSQH9Td,58500000,1754869905000
TAFRaY4u9rqSZEppQA6kQhPJrmcashFTkv,TU5iuX3pbwcYdBHV1fWJqTs21CcJSQH9Td,50000000,1754718084000
TU5iuX3pbwcYdBHV1fWJqTs21CcJSQH9Td,TDqSquXBgUCLYvYC4XZgrprLK589dkhSCf,663670000,1754694174000
TB73gtW1hsTxxA9XUYKLSJKTSHw6Jk53eH,TU5iuX3pbwcYdBHV1fWJqTs21CcJSQH9Td,107530000,1754693823000
TVXQLTxWzKxf2FtBt8KMhfobeqqPAP8uzP,TU4vEruvZwLLkSfV9bNw12EJTPvNr7Pvaa,1544540000,1754695272000
TB73gtW1hsTxxA9XUYKLSJKTSHw6Jk53eH,TVXQLTxWzKxf2FtBt8KMhfobeqqPAP8uzP,848000000,1754693817000
TB73gtW1hsTxxA9XUYKLSJKTSHw6Jk53eH,TVXQLTxWzKxf2FtBt8KMhfobeqqPAP8uzP,696540000,1754693466000
TKaMvC8mGVX71vSBcs7Z8DgjQjhNyx2ouo,TVZDCbwG2yVWUSfkC4Vv9wdatCRzwwux4v,100000000,1754898531000
TVZDCbwG2yVWUSfkC4Vv9wdatCRzwwux4v,TJ7hhYhVhaxNx6BPyq7yFpqZrQULL3JSdb,800000000,1754759625000
TKaMvC8mGVX71vSBcs7Z8DgjQjhNyx2ouo,TVZDCbwG2yVWUSfkC4Vv9wdatCRzwwux4v,800000000,1754759373000
TVf7yeUvNZmo9ALxn2smypjmqgt4gcumuR,TJ7hhYhVhaxNx6BPyq7yFpqZrQULL3JSdb,29941000000,1754902359000
TDS7rVgRfyQKLturLV4aex5pdseXGDZTag,TVf7yeUvNZmo9ALxn2smypjmqgt4gcumuR,29941000000,1754901987000
TVf7yeUvNZmo9ALxn2smypjmqgt4gcumuR,TJ7hhYhVhaxNx6BPyq7yFpqZrQULL3JSdb,1000000000,1754893728000
TDS7rVgRfyQKLturLV4aex5pdseXGDZTag,TVf7yeUvNZmo9ALxn2smypjmqgt4gcumuR,1000000000,1754893446000
TVhd7SQvmJgDauEajjNWJDVK9qM3VLFsiq,TU4vEruvZwLLkSfV9bNw12EJTPvNr7Pvaa,134000000,1754874963000
TB73gtW1hsTxxA9XUYKLSJKTSHw6Jk53eH,TVhd7SQvmJgDauEajjNWJDVK9qM3VLFsiq,110000000,1754874138000
TB73gtW1hsTxxA9XUYKLSJKTSHw6Jk53eH,TVhd7SQvmJgDauEajjNWJDVK9qM3VLFsiq,24000000,1754759796000
TB73gtW1hsTxxA9XUYKLSJKTSHw6Jk53eH,TVtYp29oXxqGmVWEZFqthPCkpPTy5XzwkP,68660000,1754905866000
TC4eeddhsBiSMDadztqAM9JrdUvyCTVHe3,TVtYp29oXxqGmVWEZFqthPCkpPTy5XzwkP,98964115,1754872290000
TVtYp29oXxqGmVWEZFqthPCkpPTy5XzwkP,TUjAd4xeRgSUmaGMvRnruEU6S3puA7tk8c,447920000,1754698518000
TB73gtW1hsTxxA9XUYKLSJKTSHw6Jk53eH,TVtYp29oXxqGmVWEZFqthPCkpPTy5XzwkP,108760000,1754693463000
TVvi4QkWw3dopZ7eJTjnHYTxBijuQtk7yv,TDqSquXBgUCLYvYC4XZgrprLK589dkhSCf,4062880000,1754816763000
TB73gtW1hsTxxA9XUYKLSJKTSHw6Jk53eH,TVvi4QkWw3dopZ7eJTjnHYTxBijuQtk7yv,4062880000,1754816601000
TWJcxBWNMhzpUCMoCWhiKJGFw3s7z3V33x,TJ7hhYhVhaxNx6BPyq7yFpqZrQULL3JSdb,572000000,1754922348000
TB73gtW1hsTxxA9XUYKLSJKTSHw6Jk53eH,TWJcxBWNMhzpUCMoCWhiKJGFw3s7z3V33x,417000000,1754922036000
TB73gtW1hsTxxA9XUYKLSJKTSHw6Jk53eH,TWJcxBWNMhzpUCMoCWhiKJGFw3s7z3V33x,155000000,1754809458000
TWLQ5cGn29m2Y3dU6ifyyDko5FEKUXmNPA,TDqSquXBgUCLYvYC4XZgrprLK589dkhSCf,597000000,1754915211000
TWQpxRe6QxCbcLKCPwZnuizxJw7CU9qnir,TDqSquXBgUCLYvYC4XZgrprLK589dkhSCf,990800000,1754920980000
TB73gtW1hsTxxA9XUYKLSJKTSHw6Jk53eH,TWQpxRe6QxCbcLKCPwZnuizxJw7CU9qnir,990800000,1754920413000
TWe5xxfHnp1dW28cq5GEWnL1nrENC8BBDn,TU4vEruvZwLLkSfV9bNw12EJTPvNr7Pvaa,441000000,1754873838000
TB73gtW1hsTxxA9XUYKLSJKTSHw6Jk53eH,TWe5xxfHnp1dW28cq5GEWnL1nrENC8BBDn,117000000,1754872098000
TB73gtW1hsTxxA9XUYKLSJKTSHw6Jk53eH,TWe5xxfHnp1dW28cq5GEWnL1nrENC8BBDn,173000000,1754871981000
TB73gtW1hsTxxA9XUYKLSJKTSHw6Jk53eH,TWe5xxfHnp1dW28cq5GEWnL1nrENC8BBDn,151000000,1754871798000
TB73gtW1hsTxxA9XUYKLSJKTSHw6Jk53eH,TXMggixTtENkqkhK4P9pWSAbkkMzdHmLuN,57960000,1754925657000
TJDENsfBJs4RFETt1X1W8wMDc8M5XnJhCe,TXMggixTtENkqkhK4P9pWSAbkkMzdHmLuN,48000000,1754924364000
TU4vEruvZwLLkSfV9bNw12EJTPvNr7Pvaa,TXMggixTtENkqkhK4P9pWSAbkkMzdHmLuN,31000000,1754924124000
TU4vEruvZwLLkSfV9bNw12EJTPvNr7Pvaa,TXMggixTtENkqkhK4P9pWSAbkkMzdHmLuN,103000000,1754921967000
TK4ykR48cQQoyFcZ5N4xZCbsBaHcg6n3gJ,TXMggixTtENkqkhK4P9pWSAbkkMzdHmLuN,169000000,1754920425000
TPqbZMdRPsk1SL8CfBmb6NiPKn2AbNK5HH,TXMggixTtENkqkhK4P9pWSAbkkMzdHmLuN,261011419,1754918712000
TU4vEruvZwLLkSfV9bNw12EJTPvNr7Pvaa,TXMggixTtENkqkhK4P9pWSAbkkMzdHmLuN,15000000,1754917728000
TU4vEruvZwLLkSfV9bNw12EJTPvNr7Pvaa,TXMggixTtENkqkhK4P9pWSAbkkMzdHmLuN,25000000,1754916036000
TU4vEruvZwLLkSfV9bNw12EJTPvNr7Pvaa,TXMggixTtENkqkhK4P9pWSAbkkMzdHmLuN,26000000,1754914875000
TDMmnfUa2V9uxhA2VseVPQyYSojGexk6cv,TXMggixTtENkqkhK4P9pWSAbkkMzdHmLuN,26125005,1754909718000
TJqwA7SoZnERE4zW5uDEiPkbz4B66h9TFj,TXMggixTtENkqkhK4P9pWSAbkkMzdHmLuN,33000000,1754907807000
TVBgD9xPwTEpqL5jCkSMrBNpUrPs9FQX7H,TXMggixTtENkqkhK4P9pWSAbkkMzdHmLuN,151000000,1754904858000
TQrY8tryqsYVCYS3MFbtffiPp2ccyn4STm,TXMggixTtENkqkhK4P9pWSAbkkMzdHmLuN,15000000,1754904648000
TZA8H46yJAPX2V5mkXs45sP9R3Z6aPtbZo,TXMggixTtENkqkhK4P9pWSAbkkMzdHmLuN,18000000,1754904279000
TKfz7Pu3jtxWrfHzVeozQjXsb3RfuUHGE2,TXMggixTtENkqkhK4P9pWSAbkkMzdHmLuN,28000000,1754902560000
TQ8y7omRyKSq42Tri398txQCQE4wxjk97Q,TXMggixTtENkqkhK4P9pWSAbkkMzdHmLuN,113000000,1754897304000
TU4vEruvZwLLkSfV9bNw12EJTPvNr7Pvaa,TXMggixTtENkqkhK4P9pWSAbkkMzdHmLuN,50000000,1754894703000
TXMggixTtENkqkhK4P9pWSAbkkMzdHmLuN,TUpHuDkiCCmwaTZBHZvQdwWzGNm5t8J2b9,561020000,1754892246000
TU4vEruvZwLLkSfV9bNw12EJTPvNr7Pvaa,TXMggixTtENkqkhK4P9pWSAbkkMzdHmLuN,100000000,1754845800000
TTRMwhxtUdgykYPoeq6eEUKLmj26Y4KtcG,TXMggixTtENkqkhK4P9pWSAbkkMzdHmLuN,92000000,1754841162000
TQCw3gvoWDKHibru8S9oK8XCPpRsoWDUnD,TXMggixTtENkqkhK4P9pWSAbkkMzdHmLuN,14000000,1754831361000
TAzsQ9Gx8eqFNFSKbeXrbi45CuVPHzA8wr,TXMggixTtENkqkhK4P9pWSAbkkMzdHmLuN,40010000,1754828085000
TJ5usJLLwjwn7Pw3TPbdzreG7dvgKzfQ5y,TXMggixTtENkqkhK4P9pWSAbkkMzdHmLuN,60010000,1754827533000
TY6nEYvwmnyVcBUk6dvhG3qDHCA9ZDgxRa,TXMggixTtENkqkhK4P9pWSAbkkMzdHmLuN,34000000,1754819358000
TWe5pEnPDetzxgJS4uN26VFg15wWtdcTXc,TXMggixTtENkqkhK4P9pWSAbkkMzdHmLuN,50000000,1754815674000
TFTUxtWFMSuk4aNvzBkvGXyZcuN7N5tExP,TXMggixTtENkqkhK4P9pWSAbkkMzdHmLuN,22000000,1754811819000
TYASr5UV6HEcXatwdFQfmLVUqQQQMUxHLS,TXMggixTtENkqkhK4P9pWSAbkkMzdHmLuN,75000000,1754807094000
TCLgK89AnXbC9rewvhNb9UgXCc2qJJpBXh,TXMggixTtENkqkhK4P9pWSAbkkMzdHmLuN,24000000,1754807004000
TWe5pEnPDetzxgJS4uN26VFg15wWtdcTXc,TXMggixTtENkqkhK4P9pWSAbkkMzdHmLuN,50000000,1754806908000
TXMggixTtENkqkhK4P9pWSAbkkMzdHmLuN,TUpHuDkiCCmwaTZBHZvQdwWzGNm5t8J2b9,153000000,1754805837000
TMQuMwCV9XDJ1hUZ2wRbkPuf3sEyaGcxNS,TXMggixTtENkqkhK4P9pWSAbkkMzdHmLuN,24000000,1754795580000
TNXoiAJ3dct8Fjg4M9fkLFh9S2v9TXc32G,TXMggixTtENkqkhK4P9pWSAbkkMzdHmLuN,79000000,1754753070000
TTVZawSKLwriDHDCUHMLTxRYt2a2VKjTis,TXMggixTtENkqkhK4P9pWSAbkkMzdHmLuN,50000000,1754724381000
TXMggixTtENkqkhK4P9pWSAbkkMzdHmLuN,TUpHuDkiCCmwaTZBHZvQdwWzGNm5t8J2b9,5783044602,1754719437000
TK4ykR48cQQoyFcZ5N4xZCbsBaHcg6n3gJ,TXMggixTtENkqkhK4P9pWSAbkkMzdHmLuN,149000000,1754719083000
TUrcyHcd9NLteB7Xpk9cXMXaLLkvjxyjuj,TXMggixTtENkqkhK4P9pWSAbkkMzdHmLuN,43000000,1754713683000
TTdBNpFJ61myrJJMZ1kKgDYkM2Dfb5qcju,TXMggixTtENkqkhK4P9pWSAbkkMzdHmLuN,140000000,1754713674000
TVwmZFNzcGLyXfeAmQqun3aqYguu2Z9akk,TXMggixTtENkqkhK4P9pWSAbkkMzdHmLuN,207000000,1754713068000
TCd5k7up7qQfFp1K2u7HE3Rcu44ieCS9Hi,TXMggixTtENkqkhK4P9pWSAbkkMzdHmLuN,50000000,1754711631000
TWY8vmMgv91WV22gnfgtEnsEFnLZp2YCw5,TXMggixTtENkqkhK4P9pWSAbkkMzdHmLuN,23000000,1754707710000
TUpHuDkiCCmwaTZBHZvQdwWzGNm5t8J2b9,TXMggixTtENkqkhK4P9pWSAbkkMzdHmLuN,97000000,1754697279000
TB73gtW1hsTxxA9XUYKLSJKTSHw6Jk53eH,TXMggixTtENkqkhK4P9pWSAbkkMzdHmLuN,314000000,1754685300000
TU4vEruvZwLLkSfV9bNw12EJTPvNr7Pvaa,TXMggixTtENkqkhK4P9pWSAbkkMzdHmLuN,500000000,1754685258000
TNXEcNrUXXXi6522BVEXWuAHPtrEqrZB4Y,TXMggixTtENkqkhK4P9pWSAbkkMzdHmLuN,101978580,1754679561000
TTRMwhxtUdgykYPoeq6eEUKLmj26Y4KtcG,TXMggixTtENkqkhK4P9pWSAbkkMzdHmLuN,298800000,1754678412000
TZ62yUkKdeuQMaB8Vg8v8eQ6mfEcttqpCB,TXMggixTtENkqkhK4P9pWSAbkkMzdHmLuN,30000000,1754677365000
TJ7hhYhVhaxNx6BPyq7yFpqZrQULL3JSdb,TXMggixTtENkqkhK4P9pWSAbkkMzdHmLuN,70000000,1754672952000
TTRMwhxtUdgykYPoeq6eEUKLmj26Y4KtcG,TXMggixTtENkqkhK4P9pWSAbkkMzdHmLuN,41000000,1754670252000
THWYVQAgurnJFZAavFnwSdG2LFC5w4pfP4,TXcFEdcBqh5BywVJDjsXxxfEXxV6sJhdnH,5623725764,1754927055000
TJ5usJLLwjwn7Pw3TPbdzreG7dvgKzfQ5y,TXcFEdcBqh5BywVJDjsXxxfEXxV6sJhdnH,199000000,1754914137000
TMV8gL5ZwphpAvjtWWdvLHsiM4pNa54ENz,TXcFEdcBqh5BywVJDjsXxxfEXxV6sJhdnH,203000000,1754901717000
TXcFEdcBqh5BywVJDjsXxxfEXxV6sJhdnH,TUpHuDkiCCmwaTZBHZvQdwWzGNm5t8J2b9,163790000,1754892246000
TMtJLkzFwcqckKtToU5fexZ3EYgoMWAZ55,TXcFEdcBqh5BywVJDjsXxxfEXxV6sJhdnH,163790000,1754889354000
TXcFEdcBqh5BywVJDjsXxxfEXxV6sJhdnH,TUpHuDkiCCmwaTZBHZvQdwWzGNm5t8J2b9,793100000,1754719407000
TQrY8tryqsYVCYS3MFbtffiPp2ccyn4STm,TXcFEdcBqh5BywVJDjsXxxfEXxV6sJhdnH,200000000,1754693970000
TAJuSUoDqyJYn13zMfFAodx88E1v68Mben,TXcFEdcBqh5BywVJDjsXxxfEXxV6sJhdnH,389920000,1754686041000
TB73gtW1hsTxxA9XUYKLSJKTSHw6Jk53eH,TXcFEdcBqh5BywVJDjsXxxfEXxV6sJhdnH,203180000,1754670108000
TXt8tdGB1NGp4zKMpG4PZ5oNh79F3opPC2,TU4vEruvZwLLkSfV9bNw12EJTPvNr7Pvaa,697200000,1754918487000
TB73gtW1hsTxxA9XUYKLSJKTSHw6Jk53eH,TXt8tdGB1NGp4zKMpG4PZ5oNh79F3opPC2,697200000,1754917623000
TXt8tdGB1NGp4zKMpG4PZ5oNh79F3opPC2,TU4vEruvZwLLkSfV9bNw12EJTPvNr7Pvaa,263000000,1754675061000
TXyr3xGopxz2c3vULenf7xyxN8grA39mma,TDqSquXBgUCLYvYC4XZgrprLK589dkhSCf,636990000,1754880771000
TB73gtW1hsTxxA9XUYKLSJKTSHw6Jk53eH,TXyr3xGopxz2c3vULenf7xyxN8grA39mma,99010000,1754880243000
TB73gtW1hsTxxA9XUYKLSJKTSHw6Jk53eH,TXyr3xGopxz2c3vULenf7xyxN8grA39mma,96950000,1754875089000
TB73gtW1hsTxxA9XUYKLSJKTSHw6Jk53eH,TXyr3xGopxz2c3vULenf7xyxN8grA39mma,96700000,1754763609000
TB73gtW1hsTxxA9XUYKLSJKTSHw6Jk53eH,TXyr3xGopxz2c3vULenf7xyxN8grA39mma,97050000,1754763138000
TB73gtW1hsTxxA9XUYKLSJKTSHw6Jk53eH,TXyr3xGopxz2c3vULenf7xyxN8grA39mma,96990000,1754762643000
TB73gtW1hsTxxA9XUYKLSJKTSHw6Jk53eH,TXyr3xGopxz2c3vULenf7xyxN8grA39mma,50860000,1754757072000
TB73gtW1hsTxxA9XUYKLSJKTSHw6Jk53eH,TXyr3xGopxz2c3vULenf7xyxN8grA39mma,49040000,1754756772000
TB73gtW1hsTxxA9XUYKLSJKTSHw6Jk53eH,TXyr3xGopxz2c3vULenf7xyxN8grA39mma,50390000,1754755986000
TXyr3xGopxz2c3vULenf7xyxN8grA39mma,TDqSquXBgUCLYvYC4XZgrprLK589dkhSCf,668470000,1754755383000
TB73gtW1hsTxxA9XUYKLSJKTSHw6Jk53eH,TXyr3xGopxz2c3vULenf7xyxN8grA39mma,47540000,1754755176000
TB73gtW1hsTxxA9XUYKLSJKTSHw6Jk53eH,TXyr3xGopxz2c3vULenf7xyxN8grA39mma,51620000,1754754804000
TB73gtW1hsTxxA9XUYKLSJKTSHw6Jk53eH,TXyr3xGopxz2c3vULenf7xyxN8grA39mma,48230000,1754754540000
TB73gtW1hsTxxA9XUYKLSJKTSHw6Jk53eH,TXyr3xGopxz2c3vULenf7xyxN8grA39mma,49330000,1754753949000
TY2p6WmE34oz6AmCpTb6VRFmHgv4DqK2Fh,TJ853smQHQKhuc1RKja8zCXKRuDjr5Jt6p,400120000,1754733645000
TLaGjwhvA8XQYSxFAcAXy7Dvuue9eGYitv,TYFzRwziXbkFkkUerFgQVeVezsFBuKShp9,97700000,1754916732000
TB73gtW1hsTxxA9XUYKLSJKTSHw6Jk53eH,TYFzRwziXbkFkkUerFgQVeVezsFBuKShp9,89000000,1754712564000
TB73gtW1hsTxxA9XUYKLSJKTSHw6Jk53eH,TYFzRwziXbkFkkUerFgQVeVezsFBuKShp9,209350000,1754712162000
TB73gtW1hsTxxA9XUYKLSJKTSHw6Jk53eH,TZ7cuUyvmiSnwDuw5WVpbjmi3Gk5soDhCk,19950000,1754678274000
TB73gtW1hsTxxA9XUYKLSJKTSHw6Jk53eH,TZFE3f7Wojsy7EzvTrzyBW4hqYKN7vDdgQ,299000000,1754916354000
